player,team,position,nineties,goals_p90,xg_p90,np_xg_p90,shots_p90,assists_p90,xa_p90,key_passes_p90,xg_chain_p90,xg_buildup_p90
Bukayo Saka,Arsenal,F M S,24.877777777777776,0.28137561411344353,0.3497577532701604,0.31916141768317635,2.8539526574363556,0.20098258150960252,0.3437926698278082,2.4921840107190714,0.7682583848777336,0.32309313879155754
Cristhian Mosquera,Arsenal,D S,10.844444444444445,0.0,0.007916874496541059,0.007916874496541059,0.09221311475409835,0.0,0.02706022602964009,0.4610655737704918,0.4968485401821185,0.47810019665687786
David Raya,Arsenal,GK,37.0,0.0,0.0,0.0,0.0,0.0,0.004037674919173524,0.08108108108108109,0.1733107640332467,0.17085154183410312
Declan Rice,Arsenal,D M S,34.56666666666667,0.11571841851494695,0.10764592730421337,0.10764592730421337,1.1571841851494695,0.1446480231436837,0.23604965327790753,1.8225650916104146,0.5349346457216296,0.3748370762896457
Eberechi Eze,Arsenal,F M S,21.42222222222222,0.32676348547717843,0.2244145078178789,0.2244145078178789,2.940871369294606,0.09336099585062241,0.1229338802849387,0.7935684647302905,0.4834224586085227,0.1901795993620893
Gabriel,Arsenal,D S,30.533333333333335,0.0982532751091703,0.15226236394073764,0.15226236394073764,0.8842794759825326,0.13100436681222707,0.0892477085626802,0.22925764192139736,0.29128968069028904,0.272159048530993
Gabriel Martinelli,Arsenal,F M S,11.38888888888889,0.08780487804878048,0.4703762846022117,0.4703762846022117,2.546341463414634,0.35121951219512193,0.22558577335098895,1.1414634146341462,0.8800910360202556,0.3166701625214844
Jurriën Timber,Arsenal,D S,27.5,0.10909090909090909,0.14657603041692213,0.14657603041692213,0.9090909090909091,0.18181818181818182,0.09415063394064253,1.018181818181818,0.4159486916254867,0.3148871067572724
Leandro Trossard,Arsenal,F M S,22.511111111111113,0.26653504442250736,0.29999279386298644,0.29999279386298644,2.354392892398815,0.26653504442250736,0.22157984398680516,1.5992102665350443,0.6029302288335908,0.22036067556740616
Martin Odegaard,Arsenal,M S,14.966666666666667,0.06681514476614699,0.08145566967488131,0.08145566967488131,1.469933184855234,0.40089086859688194,0.3326338855238561,2.538975501113586,0.7840068861510281,0.5070524894630324
Martín Zubimendi,Arsenal,D M S,33.77777777777778,0.14802631578947367,0.08716667743130145,0.08716667743130145,0.7993421052631579,0.029605263157894735,0.032205304265708515,0.5625,0.3989812934673146,0.33085986613418517
Mikel Merino,Arsenal,F M S,11.133333333333333,0.3592814371257485,0.4686685908072723,0.4686685908072723,1.9760479041916168,0.2694610778443114,0.20570119720197724,1.0778443113772456,0.7516940714356428,0.3424071887519188
Noni Madueke,Arsenal,F M S,13.844444444444445,0.14446227929373998,0.14420354245514586,0.14420354245514586,1.8057784911717496,0.07223113964686999,0.2897174772096388,1.5890850722311396,0.4859810181105596,0.23792519675116286
Piero Hincapié,Arsenal,D S,19.844444444444445,0.05039193729003359,0.020793468476568263,0.020793468476568263,0.1511758118701008,0.10078387458006718,0.10720417324833213,0.6550951847704367,0.4272919427707775,0.34684841515869735
Riccardo Calafiori,Arsenal,D S,19.5,0.05128205128205128,0.17792376092611215,0.17792376092611215,1.641025641025641,0.10256410256410256,0.033252500475217134,0.46153846153846156,0.4183501467490808,0.33632646453304166
Viktor Gyokeres,Arsenal,F S,25.055555555555557,0.5587583148558758,0.5536269494177497,0.46248921482697813,2.195121951219512,0.03991130820399113,0.10591418444366914,0.7982261640798226,0.589697686240837,0.13009254081781843
William Saliba,Arsenal,D S,28.988888888888887,0.03449597546952856,0.054426321801941895,0.054426321801941895,0.17247987734764278,0.0,0.04505270435954932,0.34495975469528556,0.38005358147216795,0.362274871482994
Amadou Onana,Aston Villa,M S,19.92222222222222,0.1003904071388734,0.13916741187096773,0.13916741187096773,0.9537088678192973,0.0,0.025294862700053853,0.3513664249860569,0.3420945530268013,0.2666954668233565
Boubacar Kamara,Aston Villa,M S,15.933333333333334,0.06276150627615062,0.06603497538372687,0.06603497538372687,0.4393305439330544,0.18828451882845187,0.04575459989933414,0.9414225941422594,0.35761209232070207,0.26800679915806735
Douglas Luiz,Aston Villa,M S,10.4,0.09615384615384615,0.0675439526541875,0.0675439526541875,1.0576923076923077,0.0,0.17528285944046307,1.8269230769230769,0.391425068418567,0.2702795470563265
Emiliano Buendía,Aston Villa,M S,19.755555555555556,0.30371203599550056,0.19156552455728482,0.19156552455728482,2.4803149606299213,0.10123734533183351,0.1835554099408124,1.5185601799775028,0.46600324322791137,0.18657375712689384
Emiliano Martinez,Aston Villa,GK,31.522222222222222,0.0,0.0,0.0,0.0,0.031723651744800845,0.011225097435521624,0.06344730348960169,0.1458606134035195,0.13463551691343636
Evann Guessand,Aston Villa,M S,10.222222222222221,0.09782608695652174,0.18139578985131305,0.18139578985131305,1.0760869565217392,0.1956521739130435,0.12108264960672545,0.48913043478260876,0.36972121884236525,0.1274256007138478
Ezri Konsa Ngoyo,Aston Villa,D,33.733333333333334,0.0,0.03183945442877504,0.03183945442877504,0.32608695652173914,0.0,0.017830647579707176,0.1482213438735178,0.2775028475703811,0.26201291204882937
Ian Maatsen,Aston Villa,D S,17.633333333333333,0.0,0.07369664562813276,0.07369664562813276,1.1342155009451795,0.05671077504725898,0.1682431891997167,1.4177693761814745,0.2882615263117847,0.2112307944220609
John McGinn,Aston Villa,M S,24.677777777777777,0.20261143628995948,0.1215424850408637,0.1215424850408637,1.134624043223773,0.16208914903196758,0.19703945346706653,1.580369203061684,0.4429459266233745,0.23876391094176286
Lamare Bogarde,Aston Villa,D M S,11.233333333333333,0.0,0.0,0.0,0.0,0.0,0.0036634206329679616,0.17804154302670624,0.1742184778968375,0.170555057927126
Lucas Digne,Aston Villa,D S,20.633333333333333,0.0,0.03408798908811779,0.03408798908811779,0.6785137318255251,0.29079159935379645,0.1479406232956153,1.260096930533118,0.26806012051772804,0.20079006638034866
Matthew Cash,Aston Villa,D S,33.77777777777778,0.08881578947368421,0.03605681287100244,0.03605681287100244,0.888157894736842,0.08881578947368421,0.09517763432201096,0.9177631578947368,0.3049670432902578,0.2389903912921191
Morgan Rogers,Aston Villa,F M,36.67777777777778,0.27264465313541353,0.19482702336205532,0.19482702336205532,2.2902150863374735,0.1635867918812481,0.20380226447185182,1.308694335049985,0.496347080323686,0.19576699542650777
Ollie Watkins,Aston Villa,F S,32.31111111111111,0.49518569463548834,0.5827012733669064,0.5827012733669064,2.568775790921596,0.09284731774415406,0.08715335095232093,0.7118294360385145,0.6730162889467349,0.1343444566193717
Pau Torres,Aston Villa,D S,18.655555555555555,0.0,0.08483276714112092,0.08483276714112092,0.48243001786777845,0.0,0.00036954540568511613,0.05360333531864205,0.2414144003822592,0.23743569715577548
Tyrone Mings,Aston Villa,D S,14.6,0.0,0.10219982557304919,0.10219982557304919,0.6164383561643836,0.0,0.048583215740445544,0.3424657534246575,0.26733989597693697,0.2459762749351459
Victor Lindelöf,Aston Villa,D M S,10.422222222222222,0.0,0.014980259234272337,0.014980259234272337,0.2878464818763326,0.09594882729211088,0.05738698208192264,0.19189765458422176,0.2441504269814504,0.24254658108533445
Youri Tielemans,Aston Villa,M S,20.677777777777777,0.0,0.08898268875149005,0.08898268875149005,1.1606663084363247,0.19344438473938744,0.14422572919501372,1.5475550779150995,0.4752443585102434,0.36210097722841295
Adam Smith,Bournemouth,D S,11.988888888888889,0.0,0.0,0.0,0.0,0.16682113067655235,0.04157714931548084,0.5004633920296571,0.3784481161192018,0.3388971548641413
Adrien Truffert,Bournemouth,D,37.67777777777778,0.026540843409023886,0.05278151225275573,0.05278151225275573,0.42465349454438217,0.13270421704511945,0.11699550514598576,0.8758478324977883,0.40445248129747674,0.2643169842103446
Alejandro Jiménez,Bournemouth,D M S,26.155555555555555,0.038232795242141036,0.04627804728438516,0.04627804728438516,0.8028887000849618,0.0,0.06510594784548805,0.5734919286321155,0.27995327952853577,0.1861781960221905
Alex Scott,Bournemouth,M S,32.388888888888886,0.09262435677530018,0.10806592177491044,0.10806592177491044,1.358490566037736,0.030874785591766728,0.08928716810512809,0.8027444253859349,0.4707227866221252,0.33936234324608205
Amine Adli,Bournemouth,M S,11.511111111111111,0.2606177606177606,0.3105238121017296,0.3105238121017296,1.7374517374517375,0.08687258687258688,0.11101621575293968,1.4768339768339769,0.532974876467009,0.1884339535501012
Antoine Semenyo,Bournemouth,F M,35.77777777777778,0.4751552795031056,0.35879218037477373,0.3162423689554659,2.3198757763975153,0.11180124223602485,0.1154395172094799,1.062111801242236,0.58333942887622,0.2206318469324745
Bafode Diakite,Bournemouth,D S,14.177777777777777,0.0,0.0009781332850035778,0.0009781332850035778,0.07053291536050157,0.0,0.005964691572615343,0.14106583072100315,0.2769497870744957,0.2735074760748488
David Brooks,Bournemouth,M S,13.233333333333333,0.07556675062972293,0.4942160941453965,0.4942160941453965,3.6272040302267006,0.22670025188916879,0.3171415363323479,1.8891687657430731,0.9215648141067936,0.20149744043046944
Djordje Petrovic,Bournemouth,GK,38.0,0.0,0.0,0.0,0.0,0.0,0.0,0.0,0.07942097158612389,0.07942097158612389
Eli Junior Kroupi,Bournemouth,F M S,18.977777777777778,0.6850117096018735,0.46628861255132414,0.3860717555464396,2.740046838407494,0.0,0.09567874202949694,1.1592505854800936,0.6142283153809625,0.2678431862358885
Evanilson,Bournemouth,F S,31.22222222222222,0.19217081850533807,0.3788994851512205,0.3788994851512205,2.306049822064057,0.03202846975088968,0.09829921007580604,0.9608540925266904,0.5108555018557136,0.11163875554751247
James Hill,Bournemouth,D S,23.333333333333332,0.0,0.040725078141050676,0.040725078141050676,0.5142857142857143,0.1285714285714286,0.06125001854130201,0.5571428571428572,0.3239809389758323,0.3075498050610934
Justin Kluivert,Bournemouth,M S,10.377777777777778,0.19271948608137043,0.22099337417919515,0.22099337417919515,1.6381156316916488,0.0,0.22112847600985772,2.119914346895075,0.5118402049775042,0.22332147605382144
Marcos Senesi,Bournemouth,D,36.644444444444446,0.0,0.0505040222417457,0.0505040222417457,0.4366282595512432,0.13644633110976348,0.10988526793762707,0.6549423893268648,0.3892894886945769,0.2976099686474602
Marcus Tavernier,Bournemouth,M S,30.877777777777776,0.22670025188916879,0.3043527914276169,0.2550507427808856,2.2670025188916876,0.12954300107952502,0.1994559863604372,1.6840590140338252,0.5773888264935881,0.26403493018363094
Rayan,Bournemouth,M S,12.733333333333333,0.39267015706806285,0.20956104153191857,0.20956104153191857,2.198952879581152,0.15706806282722513,0.21823851737871533,1.099476439790576,0.49773930581725395,0.22169573646994475
Ryan Christie,Bournemouth,M S,10.466666666666667,0.19108280254777069,0.17108944686616112,0.17108944686616112,2.388535031847134,0.0,0.15473657240201333,1.0509554140127388,0.7349083489578241,0.4313885330987774
Tyler Adams,Bournemouth,M S,20.055555555555557,0.09972299168975068,0.04632005231697473,0.04632005231697473,0.4986149584487534,0.09972299168975068,0.061344103965072415,0.3490304709141274,0.3425440397165158,0.29256648223568527
Caoimhin Kelleher,Brentford,GK,37.0,0.0,0.0,0.0,0.0,0.0,0.002875714839712992,0.05405405405405406,0.14454584261654196,0.141670127978196
Dango Ouattara,Brentford,F M S,25.58888888888889,0.2735562310030395,0.3397694346222006,0.3397694346222006,2.188449848024316,0.11723838471558837,0.22913030032076578,1.0551454624402954,0.5177431525375421,0.09870656184476845
Jordan Henderson,Brentford,M S,21.5,0.046511627906976744,0.02564524547305218,0.02564524547305218,0.27906976744186046,0.13953488372093023,0.1544433269909648,0.8837209302325582,0.40883009135723114,0.2851928753215213
Keane Lewis-Potter,Brentford,D F M S,21.655555555555555,0.13853258081067216,0.14845737190644762,0.14845737190644762,1.4315033350436122,0.13853258081067216,0.12533891215928095,0.8773730118009235,0.3621638230138433,0.14738401858706607
Kevin Schade,Brentford,F M S,30.9,0.25889967637540456,0.38293494996659966,0.3583016542530948,1.8446601941747574,0.0970873786407767,0.1477429492573908,0.9385113268608415,0.562304108973267,0.12773554603355217
Kristoffer Ajer,Brentford,D S,20.1,0.0,0.05243356529604736,0.05243356529604736,0.49751243781094523,0.04975124378109452,0.04498933937715653,0.24875621890547261,0.27322443702550075,0.1927150316091616
Mathias Jensen,Brentford,M S,25.08888888888889,0.1195748449955713,0.06330451680606344,0.06330451680606344,1.1558901682905225,0.03985828166519043,0.21257129725501062,1.3153232949512843,0.4142572101126396,0.2792415954172611
Michael Kayode,Brentford,D,36.455555555555556,0.027430661383724474,0.03206948643843781,0.03206948643843781,0.24687595245352026,0.027430661383724474,0.08735901399361437,0.9052118256629077,0.35786857970992225,0.2624772650583403
Mikkel Damsgaard,Brentford,M S,23.166666666666668,0.1726618705035971,0.12839157019051717,0.12839157019051717,1.2949640287769784,0.1726618705035971,0.27922404439543647,1.8129496402877696,0.5329842271564675,0.27941454756710166
Nathan Collins,Brentford,D S,32.955555555555556,0.030343897505057317,0.08851767839789793,0.08851767839789793,0.6068779501011463,0.060687795010114634,0.07372528200294629,0.2730950775455158,0.30452981045493505,0.25824455816276115
Rico Henry,Brentford,D S,14.61111111111111,0.0,0.009969070844153936,0.009969070844153936,0.34220532319391633,0.06844106463878327,0.021639142936173496,0.2737642585551331,0.16552459975499165,0.15274047246734
Sepp van den Berg,Brentford,D S,30.644444444444446,0.0,0.10875981390892249,0.10875981390892249,0.7505438723712835,0.06526468455402465,0.07169810705227295,0.22842639593908629,0.2850827579254837,0.20967622217333903
Thiago,Brentford,F S,36.577777777777776,0.6014580801944107,0.6749937942711001,0.4877074134116257,2.296476306196841,0.027339003645200487,0.09432083623821,0.6561360874848117,0.6204165242168767,0.13471673162402822
Vitaly Janelt,Brentford,M S,15.78888888888889,0.0633356790992259,0.047492800833608885,0.047492800833608885,0.7600281491907107,0.2533427163969036,0.2413759407188211,1.3300492610837438,0.4006635328200315,0.23009161912507778
Yehor Yarmolyuk,Brentford,M S,29.766666666666666,0.0335946248600224,0.0462024657562592,0.0462024657562592,0.5375139977603584,0.0671892497200448,0.04224146347104969,0.47032474804031354,0.31202689389941207,0.26604519583376635
Bart Verbruggen,Brighton,GK,38.0,0.0,0.0,0.0,0.0,0.0,0.002012217319325395,0.02631578947368421,0.1941347508936336,0.1941347508936336
Carlos Baleba,Brighton,M S,18.8,0.0,0.030497306848856362,0.030497306848856362,1.0638297872340425,0.0,0.0432171383278167,0.4787234042553191,0.31149058280750475,0.24510106205583568
Danny Welbeck,Brighton,F S,25.4,0.5118110236220472,0.5007440972281254,0.41084226081514463,2.204724409448819,0.03937007874015748,0.08907600151976262,0.7874015748031497,0.5899550869151599,0.1888459790718016
Diego Gómez,Brighton,F M S,24.288888888888888,0.2058554437328454,0.26422574517997927,0.26422574517997927,1.7291857273559013,0.04117108874656908,0.08614829634908461,0.8234217749313816,0.5931192494022226,0.29235459953181836
Ferdi Kadioglu,Brighton,D M S,34.94444444444444,0.028616852146263912,0.05779519426045623,0.05779519426045623,0.8012718600953895,0.0,0.06423217906292368,0.629570747217806,0.400887435542002,0.33469736713483716
Georginio Rutter,Brighton,F M S,19.822222222222223,0.15134529147982062,0.1479779431155795,0.1479779431155795,2.118834080717489,0.15134529147982062,0.23199242930191113,1.2612107623318385,0.547776817805614,0.21259235476055954
Jack Hinshelwood,Brighton,D M S,19.7,0.20304568527918782,0.24172710302063657,0.24172710302063657,1.8781725888324874,0.15228426395939088,0.11965830025598785,0.8121827411167513,0.5896321252026231,0.30179958970186677
Jan Paul van Hecke,Brighton,D,35.71111111111111,0.08400746733042938,0.09404856247123848,0.09404856247123848,0.6440572495332919,0.08400746733042938,0.028718394084179262,0.3360298693217175,0.39545724860391934,0.3700109047892862
Joël Veltman,Brighton,D S,11.38888888888889,0.08780487804878048,0.09344900010562525,0.09344900010562525,0.35121951219512193,0.0,0.022128497827343822,0.35121951219512193,0.21631132097142497,0.20386148016990685
Kaoru Mitoma,Brighton,F M S,19.144444444444446,0.1567034242600116,0.25016043875723193,0.25016043875723193,1.6715031921067904,0.0522344747533372,0.18507511960910075,1.567034242600116,0.5895497415104509,0.24124099275186978
Lewis Dunk,Brighton,D S,31.455555555555556,0.03179088661250441,0.04250082676537422,0.04250082676537422,0.7311903920876015,0.0,0.017339071013488687,0.2225362062875309,0.4034099624176743,0.40063212166107065
Mats Wieffer,Brighton,D S,21.355555555555554,0.09365244536940687,0.0902543694912829,0.0902543694912829,0.8428720083246619,0.1404786680541103,0.1343454984980989,0.8896982310093653,0.4815598095609234,0.3871457449147918
Maxim De Cuyper,Brighton,D M S,15.688888888888888,0.1274787535410765,0.11102306465262142,0.11102306465262142,0.8286118980169972,0.19121813031161475,0.2986589818863098,2.039660056657224,0.4359923927087031,0.22276137087483583
Pascal Groß,Brighton,M S,18.166666666666668,0.055045871559633024,0.0689721103381673,0.0689721103381673,0.9908256880733944,0.16513761467889906,0.18133149682245123,2.146788990825688,0.5511478364057497,0.45580894417992424
Yankuba Minteh,Brighton,M S,26.77777777777778,0.11203319502074688,0.1774778905637655,0.1774778905637655,1.5311203319502074,0.14937759336099585,0.21814808319032933,1.6431535269709543,0.6128654936985479,0.320180874124664
Yasin Ayari,Brighton,M S,21.31111111111111,0.14077163712200208,0.09938215586328657,0.09938215586328657,1.923879040667362,0.14077163712200208,0.06573096805323028,0.7038581856100105,0.3707353985160434,0.2569901134539105
Axel Tuanzebe,Burnley,D,13.433333333333334,0.07444168734491315,0.04155839051561379,0.04155839051561379,0.1488833746898263,0.0,0.0,0.0,0.20654975896511715,0.1649913684495034
Bashir Humphreys,Burnley,D S,17.61111111111111,0.0,0.02987519610520417,0.02987519610520417,0.5110410094637224,0.0,0.04908406515884851,0.5110410094637224,0.18954852611790132,0.16660933775316092
Chimuanya Ugochukwu,Burnley,M S,26.744444444444444,0.11217282924802659,0.09805611386975661,0.09805611386975661,0.8226007478188617,0.03739094308267553,0.016802024966052424,0.3739094308267553,0.2717093867685074,0.18355519921330432
Florentino Luís,Burnley,M S,23.844444444444445,0.0,0.04354002178131923,0.04354002178131923,0.5452003727865796,0.08387698042870456,0.02254390560493276,0.5452003727865796,0.20599378912578592,0.17469457886637452
Hannibal Mejbri,Burnley,M S,13.9,0.07194244604316546,0.05394384368798501,0.05394384368798501,1.3669064748201438,0.28776978417266186,0.20418628541042483,1.5107913669064748,0.42828005457149565,0.24284699891539785
Hjalmar Ekdal,Burnley,D S,17.166666666666668,0.0,0.03542984893672096,0.03542984893672096,0.3495145631067961,0.0,0.009794825724172358,0.23300970873786406,0.15796080390805178,0.15069556966858003
Jacob Bruun Larsen,Burnley,F M S,11.144444444444444,0.0,0.12850506946162238,0.12850506946162238,1.5254237288135595,0.0897308075772682,0.1236747275826225,1.0767696909272184,0.406357468805041,0.2021206392983675
Jaidon Anthony,Burnley,F M S,30.855555555555554,0.2592725963269716,0.18033881489285408,0.18033881489285408,1.7824990997479295,0.0648181490817429,0.14177025860221773,1.1991357580122435,0.4029258214363874,0.1890692581530952
James Ward-Prowse,Burnley,M S,12.022222222222222,0.0,0.01505902050796366,0.01505902050796366,0.41589648798521256,0.08317929759704251,0.2852600373933694,1.9131238447319778,0.29713614280860656,0.25584329255338406
Josh Cullen,Burnley,M,17.033333333333335,0.11741682974559686,0.059543638444576705,0.059543638444576705,0.6457925636007827,0.11741682974559686,0.10666517052369341,0.7632093933463796,0.36180543674998084,0.2715589460386455
Josh Laurent,Burnley,D M S,19.11111111111111,0.05232558139534884,0.054610905735645185,0.054610905735645185,0.7848837209302326,0.0,0.03848602385043578,0.627906976744186,0.16566912854783414,0.08810235518788875
Kyle Walker,Burnley,D M S,34.455555555555556,0.0,0.0027003253592969272,0.0027003253592969272,0.11609158336020639,0.058045791680103195,0.048334413411991316,0.3772976459206708,0.26816495656979183,0.26329664092706756
Loum Tchaouna,Burnley,F M S,14.088888888888889,0.14195583596214512,0.08936276595469576,0.08936276595469576,1.6324921135646688,0.07097791798107256,0.08514776696636098,0.9227129337539433,0.29907888277472006,0.14011743776676502
Lucas Pires,Burnley,D S,15.455555555555556,0.0,0.05840257865374761,0.05840257865374761,1.0352264557872035,0.0,0.09834274792230918,1.2940330697340043,0.24803379934889047,0.15234242949974913
Lyle Foster,Burnley,F M S,15.277777777777779,0.19636363636363635,0.23512480673464858,0.23512480673464858,1.309090909090909,0.1309090909090909,0.07500801704146645,0.6545454545454545,0.39109617204828695,0.13943385182456533
Marcus Edwards,Burnley,F M S,11.71111111111111,0.08538899430740038,0.1949865246930317,0.1949865246930317,1.9639468690702089,0.25616698292220114,0.21740113627130214,1.7077798861480078,0.5202748552600958,0.2696655770548155
Martin Dubravka,Burnley,GK,35.0,0.0,0.0,0.0,0.0,0.0,0.0,0.0,0.08109966915632998,0.08109966915632998
Maxime Estève,Burnley,D,32.733333333333334,0.0,0.013796593216219405,0.013796593216219405,0.30549898167006106,0.0,0.021449212001943902,0.18329938900203666,0.13558122633848255,0.13104717665429697
Quilindschy Hartman,Burnley,D,20.477777777777778,0.0,0.018432940747053223,0.018432940747053223,0.4395008138903961,0.24416711882799783,0.13625157561923296,0.9766684753119913,0.2556667577048811,0.19902314733040766
Zian Flemming,Burnley,F S,19.944444444444443,0.5515320334261838,0.4790704863452065,0.402741577657858,2.6072423398328692,0.0,0.03433721917253351,0.5013927576601672,0.392353132694005,0.08616871694958975
Alejandro Garnacho,Chelsea,F M S,14.277777777777779,0.07003891050583658,0.2879856950404115,0.2879856950404115,2.311284046692607,0.2801556420233463,0.2954916375388431,2.0311284046692606,0.9072480737757126,0.4570707322210653
Andrey Santos,Chelsea,M S,13.522222222222222,0.07395234182415776,0.18895941784172246,0.18895941784172246,0.8134757600657354,0.0,0.050907128704015404,0.5916187345932621,0.4677212481358645,0.3250215687745403
Cole Palmer,Chelsea,F M S,22.3,0.44843049327354256,0.4599784189342384,0.25517963324026144,2.8699551569506725,0.04484304932735426,0.0952078309327765,1.0762331838565022,0.7561443859686231,0.4725640413305417
Enzo Fernández,Chelsea,M S,34.98888888888889,0.2858050174658622,0.34059945748874637,0.297090282267987,2.0577961257542077,0.11432200698634487,0.2533928645143588,1.9434741187678628,0.797463997029698,0.4618492049734984
Jorrel Hato,Chelsea,D S,12.566666666666666,0.0,0.026921158167348296,0.026921158167348296,0.3183023872679045,0.0,0.05646619590033903,0.636604774535809,0.4913350275720147,0.463064161551726
João Pedro,Chelsea,F M S,29.977777777777778,0.5003706449221645,0.5245132597123278,0.5245132597123278,2.435137138621201,0.16679021497405486,0.13288408299677454,0.9673832468495182,0.6431402129192234,0.15998246111638506
Liam Delap,Chelsea,F S,11.822222222222223,0.08458646616541353,0.4254783435262515,0.4254783435262515,3.045112781954887,0.0,0.01431667820123353,0.2537593984962406,0.6357445572572935,0.2876478820493011
Malo Gusto,Chelsea,D M S,25.622222222222224,0.07805724197745012,0.0757866026550945,0.0757866026550945,0.4683434518647008,0.1170858629661752,0.1485286322272894,1.0537727666955767,0.6376456660569902,0.5289679315144717
Marc Cucurella,Chelsea,D M S,30.155555555555555,0.03316138540899042,0.06254556448821338,0.06254556448821338,0.6632277081798084,0.13264554163596168,0.15060833568136395,1.2932940309506264,0.5027002933886048,0.3980534039053437
Moisés Caicedo,Chelsea,M S,31.233333333333334,0.096051227321238,0.04901734583294506,0.04901734583294506,0.8644610458911419,0.032017075773746,0.08410319797257348,0.576307363927428,0.5509893921389778,0.4917839436673559
Pedro Neto,Chelsea,F M S,29.633333333333333,0.1687289088863892,0.1737792528872415,0.1737792528872415,1.5523059617547807,0.20247469066366705,0.26773357405604875,1.7885264341957257,0.6504524367179458,0.3316167304952314
Reece James,Chelsea,D M S,21.41111111111111,0.09340944473274519,0.05735426292511609,0.05735426292511609,1.027503892060197,0.18681888946549038,0.1865079397355947,1.2610275038920602,0.5385816056855491,0.45559291391946144
Robert Sánchez,Chelsea,GK,33.93333333333333,0.0,0.0,0.0,0.0,0.02946954813359529,0.026076091984049046,0.14734774066797643,0.2992626625224802,0.27318657053843115
Trevoh Chalobah,Chelsea,D S,30.9,0.0970873786407767,0.05959493300989029,0.05959493300989029,0.5177993527508091,0.0,0.020406977861251646,0.16181229773462785,0.4766511413778109,0.4723898782530456
Wesley Fofana,Chelsea,D S,19.38888888888889,0.0,0.027859882160722355,0.027859882160722355,0.41260744985673353,0.05157593123209169,0.03396417217644033,0.15472779369627507,0.45210719208918876,0.45052816257691997
Adam Wharton,Crystal Palace,M S,28.844444444444445,0.03466872110939907,0.03994169506174046,0.03994169506174046,1.1093990755007703,0.17334360554699538,0.22966524610476702,1.5254237288135593,0.5089078933281826,0.3661553431818913
Brennan Johnson,Crystal Palace,D F M S,18.988888888888887,0.1053247513165594,0.1365756170225813,0.1365756170225813,1.211234640140433,0.0526623756582797,0.0674629933377886,1.0005851375073143,0.27593119665021226,0.10184982545224806
Chris Richards,Crystal Palace,D S,31.322222222222223,0.03192621496984746,0.056875076068287074,0.056875076068287074,0.47889322454771194,0.0,0.015565099666419077,0.2873359347286272,0.24932800940825672,0.23953682191950096
Daichi Kamada,Crystal Palace,M S,21.377777777777776,0.0,0.06956707882712326,0.06956707882712326,0.8887733887733889,0.0,0.1209556149210386,0.9355509355509356,0.4623601556050818,0.34175536036200965
Daniel Muñoz,Crystal Palace,D,26.855555555555554,0.14894497310715765,0.11718260642968775,0.11718260642968775,0.9681423251965247,0.11170872983036823,0.18864142474590082,1.005378568473314,0.38821163486317883,0.1652621777429961
Dean Henderson,Crystal Palace,GK,37.0,0.0,0.0,0.0,0.0,0.0,0.0004182605928665865,0.02702702702702703,0.1016528303357395,0.1016528303357395
Ismaila Sarr,Crystal Palace,F M S,24.233333333333334,0.3713892709766162,0.47634005105889,0.38211006809543546,1.9807427785419531,0.04126547455295736,0.09080316102775288,0.7840440165061898,0.5239003415038858,0.13133642011343857
Jaydee Canvot,Crystal Palace,D S,14.822222222222223,0.0,0.10564060296690178,0.10564060296690178,0.472263868065967,0.0,0.005556634233530046,0.20239880059970014,0.2594569565119526,0.2576843165056682
Jean-Philippe Mateta,Crystal Palace,F S,24.72222222222222,0.4853932584269663,0.6462779660405737,0.523122552589754,2.548314606741573,0.0,0.050546398708659616,0.36404494382022473,0.6136491424581978,0.09682614161224848
Jefferson Lerma,Crystal Palace,D M S,18.81111111111111,0.0,0.117408697021937,0.117408697021937,1.0100413467217957,0.10632014176018902,0.09485333819080935,0.6910809214412287,0.40487159988075516,0.32123294706817784
Jørgen Strand Larsen,Crystal Palace,F S,26.144444444444446,0.1529961750956226,0.2491621852722185,0.1909342236877045,1.6829579260518486,0.03824904377390565,0.02626032719710787,0.3824904377390565,0.2704116121596268,0.09826322910611394
Marc Guehi,Crystal Palace,D,35.0,0.08571428571428572,0.13420961424708366,0.13420961424708366,0.9142857142857143,0.08571428571428572,0.07790263653067606,0.5142857142857142,0.504936584697238,0.4425177794215935
Maxence Lacroix,Crystal Palace,D,34.37777777777778,0.029088558500323203,0.08746449134547958,0.08746449134547958,0.7272139625080801,0.05817711700064641,0.03743366955983577,0.20361990950226244,0.3125356073336556,0.2903386377822788
Tyrick Mitchell,Crystal Palace,D S,36.2,0.027624309392265192,0.054826616150074906,0.054826616150074906,0.5248618784530387,0.055248618784530384,0.08387112012390273,0.8011049723756906,0.363410527133563,0.27266551159034114
Will Hughes,Crystal Palace,M S,17.41111111111111,0.0,0.07358814639009026,0.07358814639009026,0.9763880025526483,0.0,0.11065128456085596,1.206126356094448,0.4054123034133756,0.30915508946569087
Yeremi Pino,Crystal Palace,F M S,23.711111111111112,0.08434864104967198,0.18442741525381273,0.18442741525381273,1.8978444236176195,0.08434864104967198,0.35857002867513177,2.0243673851921273,0.5679479554154139,0.19346954122067
Beto,Everton,F S,17.244444444444444,0.5219072164948454,0.6348522552337076,0.6348522552337076,2.493556701030928,0.05798969072164949,0.058232453212468435,0.6958762886597939,0.7015138530393236,0.054024938834811916
Dwight McNeil,Everton,F M S,13.155555555555555,0.0,0.11122856160147569,0.11122856160147569,1.8243243243243243,0.07601351351351351,0.13219417551079313,1.1402027027027029,0.35125104320311074,0.19224809740695198
Idrissa Gueye,Everton,M,23.555555555555557,0.08490566037735849,0.0812636592407834,0.0812636592407834,1.2311320754716981,0.12735849056603774,0.07190196361955044,0.5518867924528301,0.38796313537091437,0.2927668145462378
Iliman Ndiaye,Everton,M,31.166666666666668,0.1925133689839572,0.19712718378971603,0.14828212397860335,1.3796791443850267,0.0962566844919786,0.14300617587598252,0.9625668449197861,0.49616440736195616,0.22028862050470502
Jack Grealish,Everton,F M S,18.27777777777778,0.1094224924012158,0.16878083259388124,0.16878083259388124,1.4224924012158053,0.3282674772036474,0.24939195562640945,2.0790273556231003,0.5083023500501385,0.18013503796514407
Jake O'Brien,Everton,D S,34.955555555555556,0.028607755880483154,0.03738648147432954,0.03738648147432954,0.371900826446281,0.028607755880483154,0.02072447289233744,0.4863318499682136,0.1855913304930431,0.14455200994158732
James Garner,Everton,D M,37.96666666666667,0.05267778753292361,0.05467020092111757,0.05467020092111757,1.1852502194907812,0.18437225636523266,0.159786861059538,1.4749780509218613,0.29719126979060817,0.2194933695890356
James Tarkowski,Everton,D,37.0,0.05405405405405406,0.07754263921162567,0.07754263921162567,0.5405405405405406,0.08108108108108109,0.05558679665665369,0.4864864864864865,0.1844360321709836,0.15051477691913778
Jordan Pickford,Everton,GK,38.0,0.0,0.0,0.0,0.0,0.0,0.006141355947444313,0.05263157894736842,0.08154746493030536,0.07938649069125717
Kiernan Dewsbury-Hall,Everton,M S,29.433333333333334,0.2718006795016987,0.14711453084699969,0.14711453084699969,1.3250283125707814,0.13590033975084936,0.2233701635949474,1.2231030577576443,0.4851006917309517,0.27589911284897634
Michael Keane,Everton,D S,28.733333333333334,0.10440835266821345,0.12421335275187706,0.12421335275187706,0.9048723897911832,0.03480278422273782,0.004528756545134871,0.06960556844547564,0.1863156809750296,0.14907973845491485
Thierno Barry,Everton,F S,21.344444444444445,0.3748047891723061,0.42865145120542847,0.42865145120542847,1.7803227485684539,0.0,0.04703511335130224,0.5622071837584591,0.4801705593019258,0.10082910784201687
Tim Iroegbunam,Everton,M S,16.622222222222224,0.0,0.030736222154744725,0.030736222154744725,0.7219251336898395,0.12032085561497326,0.11116006941395129,0.48128342245989303,0.26558658384523764,0.17113903400433414
Vitalii Mykolenko,Everton,D,32.922222222222224,0.0,0.008427699650013885,0.008427699650013885,0.2733715828552143,0.030374620317246033,0.03468260709026597,0.6682416469794127,0.2458744732348089,0.21400697135161878
Alex Iwobi,Fulham,M,27.477777777777778,0.14557217953902143,0.0874602350828513,0.0874602350828513,1.419328750505459,0.10917913465426607,0.13210554790614926,1.5285078851597251,0.3793823908151305,0.2402808661077411
Antonee Robinson,Fulham,D S,16.488888888888887,0.06064690026954179,0.05926699370693044,0.01310446312791615,0.3638814016172507,0.0,0.06610682274332909,1.2735849056603774,0.2766268537191529,0.23342312230776266
Bernd Leno,Fulham,GK,38.0,0.0,0.0,0.0,0.0,0.0,0.0,0.0,0.12901483946724943,0.12901483946724943
Calvin Bassey,Fulham,D S,28.033333333333335,0.0356718192627824,0.04248284354947693,0.04248284354947693,0.3923900118906064,0.0,0.015372682238766184,0.356718192627824,0.22075826534724544,0.21022083049509385
Emile Smith-Rowe,Fulham,M S,21.477777777777778,0.1396792550439731,0.19841104052070502,0.19841104052070502,1.6761510605276773,0.0,0.06600302525068957,0.8380755302638386,0.40000741186455874,0.1930782862250446
Harry Wilson,Fulham,M S,30.566666666666666,0.3271537622682661,0.18843225486812182,0.18843225486812182,2.5517993456924755,0.22900763358778625,0.1800546730536411,1.2104689203925845,0.3628695333293246,0.13520157314032608
Joachim Andersen,Fulham,D,32.022222222222226,0.0,0.05181739781191476,0.05181739781191476,0.49965301873698814,0.03122831367106176,0.01814102580141351,0.18736988202637056,0.2891688858398664,0.27880277085240146
Jorge Cuenca,Fulham,D S,10.544444444444444,0.0,0.0048197412939920735,0.0048197412939920735,0.09483667017913594,0.0,0.04892389306718105,0.2845100105374078,0.21910995861281837,0.21910995861281837
Joshua King,Fulham,F M S,14.511111111111111,0.06891271056661562,0.26184122473184035,0.26184122473184035,1.7917304747320062,0.13782542113323124,0.07163919791562132,1.0336906584992342,0.42635788770241356,0.17927602843408563
Kenny Tete,Fulham,D S,20.055555555555557,0.04986149584487534,0.036337772079864696,0.036337772079864696,0.7977839335180055,0.0,0.047321231690057426,0.5484764542936288,0.1966724231364489,0.15744226068836167
Kevin,Fulham,M S,11.133333333333333,0.08982035928143713,0.11982108084317632,0.11982108084317632,2.245508982035928,0.08982035928143713,0.11141148485064863,1.25748502994012,0.43293692807326783,0.2597270682900252
Oscar Bobb,Fulham,F M S,11.622222222222222,0.0,0.12296298317554234,0.12296298317554234,1.0325047801147227,0.08604206500956023,0.17355484503319568,1.892925430210325,0.49557521031104584,0.3049762036658496
Raúl Jiménez,Fulham,F S,24.61111111111111,0.3656884875846501,0.48825860167296425,0.3645471862304964,2.966139954853273,0.12189616252821671,0.07899403013709437,1.0158013544018059,0.4287207110976259,0.06330303913381784
Rodrigo Muniz,Fulham,F S,11.122222222222222,0.08991008991008992,0.4086675930704985,0.4086675930704985,2.8771228771228774,0.08991008991008992,0.08644733370489234,0.7192807192807193,0.4343544091139878,0.11670755015892705
Ryan Sessegnon,Fulham,D M S,20.333333333333332,0.14754098360655737,0.10073577536300558,0.10073577536300558,0.7868852459016394,0.049180327868852465,0.10959507189080367,0.6885245901639344,0.40619899338630383,0.2502450975971144
Samuel Chukwueze,Fulham,M S,11.688888888888888,0.2566539923954373,0.19961984920184422,0.19961984920184422,2.1387832699619773,0.3422053231939164,0.24262618903821415,2.0532319391634983,0.6078380089918923,0.24401970267005466
Sander Berge,Fulham,M S,32.611111111111114,0.0,0.0412884268281407,0.0412884268281407,0.42930153321976144,0.03066439522998296,0.06087098778677656,0.6439522998296422,0.3257113794528036,0.27594762324677613
Sasa Lukic,Fulham,M S,19.233333333333334,0.05199306759098787,0.12162410129552491,0.12162410129552491,0.9358752166377816,0.10398613518197573,0.11247439080755672,1.4038128249566724,0.32372259588159974,0.17459275859506537
Timothy Castagne,Fulham,D M S,20.544444444444444,0.0,0.07156067244756892,0.07156067244756892,0.6814494321254733,0.0,0.08498705980474237,0.8761492698756085,0.33255236332640736,0.27255941264980094
Anton Stach,Leeds,M S,26.6,0.18796992481203006,0.10980338992592983,0.10980338992592983,2.0676691729323307,0.11278195488721804,0.2239904103842669,2.2932330827067666,0.38150132101561335,0.2333408785997925
Ao Tanaka,Leeds,M S,14.777777777777779,0.13533834586466165,0.14874936094073424,0.14874936094073424,1.150375939849624,0.0,0.09187624315009978,1.218045112781955,0.460564967104815,0.29188667734930834
Brenden Aaronson,Leeds,F M S,27.966666666666665,0.1430274135876043,0.2102963797552722,0.2102963797552722,1.6448152562574494,0.17878426698450536,0.20248068569847455,1.2157330154946366,0.4721188749696203,0.12472677274348484
Dominic Calvert-Lewin,Leeds,F S,30.355555555555554,0.4612005856515374,0.6150873613886066,0.4897130313868012,2.404831625183016,0.03294289897510981,0.05086764922341002,0.6588579795021963,0.5938362982737699,0.09119759082636016
Ethan Ampadu,Leeds,M,34.77777777777778,0.02875399361022364,0.05595830855920863,0.05595830855920863,0.7476038338658146,0.02875399361022364,0.03382489460999497,0.5463258785942492,0.3412062085528201,0.3073885322878726
Gabriel Gudmundsson,Leeds,D M S,29.522222222222222,0.0,0.029731127375643596,0.029731127375643596,0.6097101994730899,0.0,0.10505283755447616,0.7113285660519383,0.22916911371784143,0.14467430728991365
Ilia Gruev,Leeds,M S,14.555555555555555,0.0,0.05041103454605314,0.05041103454605314,0.48091603053435117,0.20610687022900764,0.10261374581178637,0.7557251908396947,0.24625773380958396,0.15323267817383504
Jaka Bijol,Leeds,D S,21.055555555555557,0.047493403693931395,0.03412322002146049,0.03412322002146049,0.7124010554089709,0.09498680738786279,0.06645195189086932,0.33245382585751976,0.26078575307940743,0.21390582932685168
James Justin,Leeds,D M S,21.055555555555557,0.09498680738786279,0.12171452730343649,0.12171452730343649,1.1398416886543534,0.047493403693931395,0.12218870470265913,0.6174142480211081,0.24419334741176588,0.13089708897400656
Jayden Bogle,Leeds,D M S,31.355555555555554,0.03189227498228207,0.06034222901102438,0.06034222901102438,0.5740609496810772,0.06378454996456415,0.11242525325989065,0.6697377746279235,0.3514909382096362,0.2030623309092476
Joe Rodon,Leeds,D S,32.82222222222222,0.060934326337169935,0.05624378369913039,0.05624378369913039,0.5484089370345294,0.0,0.014059963108329814,0.2742044685172647,0.1901951981878656,0.1767057429345863
Karl Darlow,Leeds,GK,22.0,0.0,0.0,0.0,0.0,0.0,0.0,0.0,0.0823433602398092,0.0823433602398092
Lucas Perri,Leeds,GK,16.0,0.0,0.0,0.0,0.0,0.0,0.0,0.0,0.15465570939704776,0.15465570939704776
Lukas Nmecha,Leeds,F S,11.955555555555556,0.5018587360594795,0.6808799167845717,0.48988029954532597,2.5092936802973975,0.08364312267657993,0.1409002586153637,0.9200743494423792,0.5822801611431248,0.12274157037771545
Noah Okafor,Leeds,F M S,17.68888888888889,0.4522613065326633,0.3559690355042454,0.3559690355042454,1.978643216080402,0.05653266331658291,0.12772511901455608,1.0741206030150754,0.617108654579494,0.21605976712164565
Pascal Struijk,Leeds,D S,32.666666666666664,0.0,0.09083838804567955,0.09083838804567955,0.9489795918367347,0.030612244897959186,0.03348128907192423,0.3673469387755102,0.2179693854223861,0.18923392918493068
Sean Longstaff,Leeds,M S,11.1,0.1801801801801802,0.1241134013141598,0.1241134013141598,1.4414414414414416,0.1801801801801802,0.24938967179607702,2.2522522522522523,0.31043690872621965,0.16380514177653166
Alexis Mac Allister,Liverpool,M S,29.81111111111111,0.06708907938874395,0.13658355976698938,0.13658355976698938,1.7443160641073425,0.1341781587774879,0.09558860051847975,1.1405143496086472,0.4423172324354352,0.2799171929956149
Alisson,Liverpool,GK,26.0,0.0,0.0,0.0,0.0,0.0,0.0,0.0,0.17607243409237033,0.17607243409237033
Andrew Robertson,Liverpool,D S,12.88888888888889,0.07758620689655173,0.08125728177677455,0.08125728177677455,0.7758620689655172,0.0,0.11711642676000963,1.5517241379310345,0.45395913421465406,0.3469866207110342
Cody Gakpo,Liverpool,F M S,30.644444444444446,0.22842639593908629,0.32064863034214036,0.32064863034214036,2.8390137781000724,0.16316171138506164,0.21512323872276065,1.7295141406816532,0.6112562183579773,0.190275764616883
Conor Bradley,Liverpool,D S,10.688888888888888,0.0,0.020566138307217374,0.020566138307217374,0.5613305613305614,0.09355509355509356,0.11167772071680013,0.37422037422037424,0.3192507790831419,0.22504508551481242
Curtis Jones,Liverpool,D M S,21.22222222222222,0.04712041884816754,0.11338667379916495,0.11338667379916495,1.036649214659686,0.09424083769633508,0.13354377585575375,1.036649214659686,0.5004274971997706,0.3410153541109325
Dominik Szoboszlai,Liverpool,D F M,35.955555555555556,0.1668726823238566,0.1313891746788729,0.11021945999396507,1.9468479604449938,0.19468479604449937,0.24572472089190123,2.169344870210136,0.5991630589103669,0.4188957611819538
Florian Wirtz,Liverpool,F M S,26.955555555555556,0.18549051937345423,0.28108609401868917,0.28108609401868917,1.8920032976092334,0.11129431162407255,0.19974601569432712,2.225886232481451,0.7657605365551363,0.398546791488039
Hugo Ekitike,Liverpool,F S,20.38888888888889,0.5395095367847411,0.5852299355762205,0.5852299355762205,3.188010899182561,0.19618528610354222,0.12218937917285135,1.0299727520435966,0.8005830521317204,0.23966176354146132
Ibrahima Konaté,Liverpool,D,34.81111111111111,0.028726460261729973,0.056264353544471214,0.056264353544471214,0.34471752314075965,0.0,0.020834841199773323,0.2298116820938398,0.3193229687525904,0.3101757773282312
Jeremie Frimpong,Liverpool,D M S,11.411111111111111,0.0,0.04505020958945489,0.04505020958945489,0.8763388510223953,0.08763388510223953,0.2358526325156185,1.314508276533593,0.5218989675558066,0.3561776041251833
Milos Kerkez,Liverpool,D S,25.233333333333334,0.07926023778071334,0.05522802416751926,0.05522802416751926,0.35667107001321,0.03963011889035667,0.07385059128191858,1.0303830911492735,0.3760541456565753,0.27183802230000653
Mohamed Salah,Liverpool,F M S,24.033333333333335,0.2912621359223301,0.36772621260767335,0.3360548324045956,2.787794729542302,0.2912621359223301,0.26746812826810445,2.0388349514563107,0.7228815442935438,0.26204021458982923
Ryan Gravenberch,Liverpool,M S,33.422222222222224,0.14960106382978722,0.045823444679820344,0.045823444679820344,1.1369680851063828,0.08976063829787234,0.07087706001178222,0.867686170212766,0.39022406867204945,0.3207099810738037
Virgil van Dijk,Liverpool,D,38.0,0.15789473684210525,0.128716751589979,0.128716751589979,0.7894736842105263,0.0,0.0086457056336497,0.2894736842105263,0.3285673638364594,0.29955738118702646
Abduqodir Khusanov,Manchester City,D S,15.78888888888889,0.0,0.04261218277471406,0.04261218277471406,0.44334975369458124,0.0,0.03619877858786076,0.38001407459535536,0.48350808789388633,0.4513764036144277
Bernardo Silva,Manchester City,M S,32.41111111111111,0.061707233459033256,0.08946234028930733,0.08946234028930733,0.9256085018854988,0.12341446691806651,0.16299574391678218,1.4501199862872813,0.7771643632904773,0.5986446637454652
Erling Haaland,Manchester City,F S,33.1,0.8157099697885196,0.8699497344180536,0.7779655821643927,3.7764350453172204,0.2416918429003021,0.16639538047401925,0.755287009063444,0.9889834662308505,0.15599844673383992
Gianluigi Donnarumma,Manchester City,GK,34.0,0.0,0.0,0.0,0.0,0.0,0.0,0.0,0.21110767772530808,0.21110767772530808
Josko Gvardiol,Manchester City,D S,15.266666666666667,0.13100436681222707,0.12192608902483006,0.12192608902483006,1.1135371179039302,0.13100436681222707,0.02866406644405756,0.26200873362445415,0.6613319788095602,0.6254328043488825
Jéremy Doku,Manchester City,F M S,19.81111111111111,0.25238362310712287,0.2019041117732019,0.2019041117732019,1.9685922602355581,0.25238362310712287,0.3812715346939064,2.9781267526640494,0.9511816091166911,0.4897369160272486
Matheus Nunes,Manchester City,D S,31.833333333333332,0.031413612565445025,0.021219058118331496,0.021219058118331496,0.2198952879581152,0.15706806282722513,0.09735243888425578,0.8795811518324608,0.6943717049678584,0.6373530641900308
Mathis Cherki,Manchester City,F M S,19.91111111111111,0.20089285714285715,0.2331030485012369,0.2331030485012369,2.7622767857142856,0.6026785714285714,0.5416429230120099,3.013392857142857,1.0451560481825646,0.5603710518438935
Nico González,Manchester City,M S,17.511111111111113,0.05710659898477157,0.03476684478697778,0.03476684478697778,0.7994923857868019,0.0,0.05073986111355349,0.6281725888324873,0.8448926469093652,0.8093559583010822
Nico O'Reilly,Manchester City,D M S,29.4,0.17006802721088435,0.22880990717078556,0.22880990717078556,1.3945578231292517,0.10204081632653061,0.13086529740062702,0.7823129251700681,0.72248998465536,0.5033270906986428
Phil Foden,Manchester City,F M S,23.144444444444446,0.3024483917426788,0.2889929833431628,0.2889929833431628,2.3763802208353337,0.21603456553048486,0.2638703436186994,2.2899663946231397,0.8604215875901087,0.48604231502143613
Rayan Ait Nouri,Manchester City,D M S,10.9,0.0,0.04570209737354462,0.04570209737354462,0.8256880733944953,0.18348623853211007,0.15899112926573927,1.1009174311926606,0.6702134394249237,0.6043525330653978
Rodri,Manchester City,M S,16.666666666666668,0.06,0.07130869036540388,0.07130869036540388,1.02,0.0,0.13656777262687683,1.5599999999999998,0.7282756327092647,0.6423566937446594
Rúben Dias,Manchester City,D S,23.8,0.08403361344537814,0.018363945076570787,0.018363945076570787,0.42016806722689076,0.0,0.017754216443653364,0.29411764705882354,0.6170829375344916,0.5987000187561542
Tijjani Reijnders,Manchester City,F M S,18.244444444444444,0.2740560292326431,0.2664875882324943,0.2664875882324943,2.6857490864799027,0.10962241169305725,0.16845096000237678,0.9866017052375152,0.7230681212262753,0.3931949355602083
Amad Diallo Traore,Manchester United,D M S,26.011111111111113,0.07689021785561725,0.22029183582999118,0.22029183582999118,2.076035882101666,0.11533532678342588,0.217108268486491,1.537804357112345,0.7182047012532968,0.3864385939844904
Ayden Heaven,Manchester United,D S,10.255555555555556,0.0,0.020969425532906306,0.020969425532906306,0.29252437703141926,0.09750812567713975,0.03563637166149825,0.1950162513542795,0.4061506240793129,0.3618571067981639
Benjamin Sesko,Manchester United,F S,18.177777777777777,0.6051344743276283,0.6878799019315369,0.6878799019315369,3.355745721271394,0.05501222493887531,0.032882878538631,0.4951100244498778,0.7826673892078453,0.08964332327255775
Bruno Fernandes,Manchester United,M,34.24444444444445,0.26281635301752104,0.34843041006437003,0.21506533047545756,2.482154445165477,0.6132381570408825,0.5185405959814574,4.00064892926671,0.7576168963678379,0.34060436857551196
Bryan Mbeumo,Manchester United,F M S,29.733333333333334,0.36995515695067266,0.44761910674375194,0.44761910674375194,2.4551569506726456,0.10089686098654709,0.17122229928727106,1.5134529147982063,0.7505428485338463,0.20408690271214186
Casemiro,Manchester United,M S,29.433333333333334,0.30577576443941107,0.22346690385723708,0.22346690385723708,1.766704416761042,0.06795016987542468,0.10796199678227153,1.2231030577576443,0.5493343004267051,0.40347344966632726
Diogo Dalot,Manchester United,D S,29.044444444444444,0.03442999234889059,0.07556218198588219,0.07556218198588219,0.8263198163733741,0.10328997704667177,0.1207048854916752,1.0328997704667178,0.4494910137820491,0.33281822572016906
Harry Maguire,Manchester United,D S,18.511111111111113,0.054021608643457376,0.06356234514654255,0.06356234514654255,0.7563025210084033,0.10804321728691475,0.03917181643010044,0.2160864345738295,0.27383025201196287,0.27383025201196287
Kobbie Mainoo,Manchester United,M S,18.033333333333335,0.055452865064695,0.0286955300498196,0.0286955300498196,0.720887245841035,0.11090573012939,0.06599219104485127,1.21996303142329,0.574080220143037,0.5421707106757626
Leny Yoro,Manchester United,D S,19.288888888888888,0.0,0.06466926738602638,0.06466926738602638,0.4665898617511521,0.0,0.011392321055626266,0.20737327188940094,0.24212706536870057,0.23321859346496693
Lisandro Martínez,Manchester United,D S,13.522222222222222,0.0,0.008391078290642036,0.008391078290642036,0.3697617091207888,0.0,0.03432892276710335,0.3697617091207888,0.4947175697447241,0.48576354114193354
Luke Shaw,Manchester United,D,36.32222222222222,0.027531355154481494,0.016487395535025182,0.016487395535025182,0.2753135515448149,0.027531355154481494,0.04112251502062593,0.4129703273172224,0.31541776943082345,0.2920761842419655
Mason Mount,Manchester United,M S,11.344444444444445,0.2644466209598433,0.15379182797337604,0.15379182797337604,1.6748285994123409,0.0,0.12133353235643363,1.2340842311459352,0.5825113269147425,0.4085516757865406
Matheus Cunha,Manchester United,F M S,27.844444444444445,0.3591380686352753,0.25412974778803604,0.25412974778803604,3.232242617717478,0.07182761372705507,0.1328114437270859,1.1851556264964085,0.6321355273556157,0.3607286976506162
Matthijs de Ligt,Manchester United,D,13.0,0.07692307692307693,0.10179784349524058,0.10179784349524058,0.8461538461538461,0.0,0.032936628048236556,0.23076923076923078,0.21783857849928048,0.18375278550844926
Noussair Mazraoui,Manchester United,D S,11.0,0.0,0.017891494895924218,0.017891494895924218,0.45454545454545453,0.0,0.019044292244044216,0.5454545454545454,0.5135155872187831,0.4909442839297382
Patrick Dorgu,Manchester United,D M S,15.955555555555556,0.25069637883008355,0.18722537713006013,0.18722537713006013,1.5668523676880222,0.25069637883008355,0.19499708919119205,1.692200557103064,0.4372871451437847,0.1251167324981276
Senne Lammens,Manchester United,GK,32.0,0.0,0.0,0.0,0.0,0.0,0.0,0.0,0.15625541016925126,0.15625541016925126
Aaron Ramsdale,Newcastle United,GK S,11.088888888888889,0.0,0.0,0.0,0.0,0.0,0.006402873010458589,0.09018036072144289,0.2238702725708664,0.21746739888851174
Anthony Elanga,Newcastle United,F M S,14.322222222222223,0.0,0.1014819335339835,0.1014819335339835,1.186966640806827,0.06982156710628394,0.1221542639832704,1.047323506594259,0.2994684242665814,0.12870674610392263
Anthony Gordon,Newcastle United,F M S,20.977777777777778,0.2860169491525424,0.4174034832779444,0.3085498846633265,2.288135593220339,0.09533898305084745,0.1770863329234012,1.2394067796610169,0.5232646348452101,0.19271148267099475
Bruno Guimarães,Newcastle United,M S,27.41111111111111,0.3283340089177138,0.24068006674483883,0.18514281876814065,1.532225374949331,0.18240778273206323,0.14115846817418298,1.6051884880421565,0.5143212592421779,0.34167807718363674
Dan Burn,Newcastle United,D S,24.5,0.04081632653061224,0.037611881309017846,0.037611881309017846,0.40816326530612246,0.08163265306122448,0.016676613604839966,0.2857142857142857,0.2137257727433224,0.20159660249340292
Fabian Schär,Newcastle United,D S,12.177777777777777,0.0,0.07909343707082916,0.07909343707082916,1.395985401459854,0.0,0.013358599674568448,0.3284671532846716,0.26219065795672963,0.2512526487503337
Harvey Barnes,Newcastle United,F M S,21.633333333333333,0.3235747303543914,0.3721351828856626,0.3721351828856626,2.6810477657935285,0.046224961479198766,0.14358634175086976,1.0631741140215716,0.5895323692914242,0.19199228132335908
Jacob Murphy,Newcastle United,D F M S,18.11111111111111,0.16564417177914112,0.1722669366495741,0.1722669366495741,2.3190184049079754,0.11042944785276074,0.26423294396579633,1.2699386503067485,0.46545860951800655,0.15091498449810445
Jacob Ramsey,Newcastle United,M S,15.78888888888889,0.1266713581984518,0.0767163973744699,0.0767163973744699,1.0133708655876144,0.19000703729767768,0.09920823897046996,1.3933849401829697,0.3475631393733409,0.2693042809367809
Joe Willock,Newcastle United,M S,10.877777777777778,0.0,0.1274104407428173,0.1274104407428173,1.5628192032686414,0.18386108273748722,0.19285240985902147,1.2870275791624106,0.4636076675296073,0.31308753805975137
Joelinton,Newcastle United,M S,21.755555555555556,0.09193054136874361,0.10014409743976209,0.10014409743976209,1.4708886618998978,0.045965270684371805,0.08555855342321121,0.7814096016343207,0.4605073018895655,0.3332554026620046
Kieran Trippier,Newcastle United,D S,17.844444444444445,0.0,0.005374191140994928,0.005374191140994928,0.112079701120797,0.0560398505603985,0.10196417833679584,1.5691158156911582,0.2874943841907519,0.2640533360396309
Lewis Hall,Newcastle United,D S,24.044444444444444,0.041589648798521256,0.053573381607618716,0.053573381607618716,1.0397412199630314,0.041589648798521256,0.10538440598381507,1.0397412199630314,0.36883400879239114,0.3105710236684466
Lewis Miley,Newcastle United,D M S,16.333333333333332,0.06122448979591837,0.08424543520929863,0.08424543520929863,0.7346938775510204,0.2448979591836735,0.14212000902209965,0.9183673469387755,0.4313735208112975,0.3623397964604047
Malick Thiaw,Newcastle United,D S,32.977777777777774,0.12129380053908358,0.17884866084095163,0.17884866084095163,0.849056603773585,0.0,0.025073572054425022,0.18194070080862534,0.27740902634842113,0.2621421840818815
Nick Pope,Newcastle United,GK,26.91111111111111,0.0,0.004885986471943968,0.004885986471943968,0.037159372419488024,0.0,0.0,0.0,0.10444112066302562,0.10444112066302562
Nick Woltemade,Newcastle United,F M S,21.7,0.3686635944700461,0.38073903164281275,0.34566212668671586,1.4746543778801844,0.1382488479262673,0.13369979027847542,1.0138248847926268,0.40517408735535115,0.10603515251028922
Sandro Tonali,Newcastle United,M S,28.733333333333334,0.0,0.04931562790850267,0.04931562790850267,1.2877030162412992,0.06960556844547564,0.13087780655657746,1.1136890951276102,0.3737686155255876,0.29279530994818825
Sven Botman,Newcastle United,D S,20.466666666666665,0.048859934853420196,0.07578322005606825,0.07578322005606825,0.732899022801303,0.0,0.07246992244394285,0.2931596091205212,0.2941842971472768,0.27959854781918886
Valentino Livramento,Newcastle United,D S,14.7,0.0,0.010359572360710218,0.010359572360710218,0.20408163265306123,0.06802721088435375,0.04192393729273154,0.6802721088435374,0.42366876108508533,0.3817584170472054
Callum Hudson-Odoi,Nottingham Forest,M S,20.633333333333333,0.14539579967689822,0.14305435406925798,0.14305435406925798,1.4539579967689822,0.1938610662358643,0.19065307785782462,2.132471728594507,0.5393088721370803,0.27765362666429344
Chris Wood,Nottingham Forest,F S,10.144444444444444,0.29572836801752467,0.33172363356196477,0.33172363356196477,2.267250821467689,0.0,0.031711373433291196,0.4928806133625411,0.3221297758628348,0.049980695911265936
Dan Ndoye,Nottingham Forest,F M S,13.155555555555555,0.07601351351351351,0.08911883957193208,0.08911883957193208,1.1402027027027029,0.07601351351351351,0.11804021205878942,1.0641891891891893,0.30586335892990435,0.13779324095545187
Elliot Anderson,Nottingham Forest,M S,36.98888888888889,0.10814058275758487,0.09311700277824989,0.0725386923609302,1.1895464103334334,0.10814058275758487,0.13092140194345306,1.486933012916792,0.4402016247735972,0.32328345016938637
Ibrahim Sangare,Nottingham Forest,M S,23.455555555555556,0.08526764566556135,0.0669519291561554,0.0669519291561554,0.6821411653244908,0.08526764566556135,0.061784572290518674,0.5116058739933681,0.31644238622295295,0.2255090766099746
Igor Jesus,Nottingham Forest,F M S,26.433333333333334,0.22698612862547288,0.27234855335802405,0.2435527587471551,2.648171500630517,0.15132408575031525,0.08626798437943525,0.5674653215636822,0.3228861405684473,0.06992510357850511
Matz Sels,Nottingham Forest,GK S,29.68888888888889,0.0,0.0,0.0,0.0,0.0,0.0,0.0,0.0749657891584772,0.0749657891584772
Morato,Nottingham Forest,D S,14.811111111111112,0.06751687921980495,0.1272960450843994,0.1272960450843994,0.33758439609902474,0.0,0.006325590107743663,0.1350337584396099,0.30236645524137823,0.25975820079546447
Morgan Gibbs-White,Nottingham Forest,F M S,34.91111111111111,0.42966263526416293,0.3343261600508195,0.31252310614271733,2.377466581795035,0.11457670273711013,0.12902671138665278,1.3749204328453215,0.49455218120252226,0.15507139148751425
Murillo,Nottingham Forest,D,23.68888888888889,0.04221388367729831,0.025147226552599534,0.025147226552599534,0.4643527204502814,0.0,0.012638669327341758,0.33771106941838647,0.2684199112235074,0.25538774523499647
Neco Williams,Nottingham Forest,D S,35.58888888888889,0.0561973150171714,0.05256072575906236,0.05256072575906236,1.2925382453949423,0.0842959725257571,0.12351051393676522,1.0115516703090852,0.3401370171447062,0.2531579121554173
Nicolás Domínguez,Nottingham Forest,M S,13.444444444444445,0.0743801652892562,0.0753021054354704,0.0753021054354704,1.3388429752066116,0.0743801652892562,0.09519699103514517,0.8181818181818181,0.40130342195226143,0.3145301462081838
Nicolò Savona,Nottingham Forest,D S,11.511111111111111,0.17374517374517376,0.10732942415422915,0.10732942415422915,0.4343629343629344,0.0,0.051642125022946406,0.5212355212355212,0.26117978227400296,0.1335448638669082
Nikola Milenkovic,Nottingham Forest,D S,37.333333333333336,0.0,0.01364502595138869,0.01364502595138869,0.40178571428571425,0.0,0.007167435650314601,0.08035714285714285,0.21615196533301578,0.2142425050260499
Ola Aina,Nottingham Forest,D,17.72222222222222,0.0,0.023112436271853578,0.023112436271853578,0.677115987460815,0.0,0.019260677552802433,0.5078369905956113,0.22292154061616776,0.19903295209228433
Omari Hutchinson,Nottingham Forest,M S,18.488888888888887,0.054086538461538464,0.11778526324913122,0.11778526324913122,1.3521634615384617,0.27043269230769235,0.2667293627746403,1.7848557692307694,0.5586372069956269,0.3039132683121492
Brian Brobbey,Sunderland,F S,21.58888888888889,0.3242408646423057,0.32942341012679854,0.32942341012679854,1.667524446731858,0.04632012352032939,0.06987080776539586,0.6948018528049408,0.430225318175996,0.07415456423172616
Chemsdine Talbi,Sunderland,F M S,17.288888888888888,0.23136246786632392,0.13440851450737346,0.13440851450737346,1.4460154241645244,0.05784061696658098,0.034726341087418997,0.6940874035989718,0.1866951275612096,0.06876715497235866
Dan Ballard,Sunderland,D S,23.81111111111111,0.08399440037330845,0.1551979497019454,0.1551979497019454,1.0499300046663556,0.0,0.06638016769896309,0.5879608026131592,0.19959183827014768,0.10956478536796524
Enzo Le Fée,Sunderland,F M S,32.81111111111111,0.15238740264138165,0.16057602764109496,0.06778311489614801,1.097189299017948,0.182864883169658,0.22999581398333266,1.6153064679986455,0.40169112941283636,0.21756669938503748
Granit Xhaka,Sunderland,M S,32.17777777777778,0.031077348066298343,0.02508786954924732,0.02508786954924732,0.6526243093922652,0.18646408839779005,0.11514096429509764,1.0566298342541436,0.3249237678323754,0.27911861744215355
Habib Diarra,Sunderland,M S,15.71111111111111,0.1272984441301273,0.20704180411889075,0.15859399974883615,1.654879773691655,0.1272984441301273,0.041038514598361,0.44554455445544555,0.2619969972990232,0.11972488873655335
Lutsharel Geertruida,Sunderland,D M S,18.433333333333334,0.0,0.045419245062372354,0.045419245062372354,0.596745027124774,0.0,0.04197477359681729,0.43399638336347196,0.24597274536977626,0.17847756051860925
Noah Sadiki,Sunderland,M,32.37777777777778,0.0,0.04999847303789592,0.04999847303789592,0.5868222374742621,0.03088538091969801,0.02871097446474909,0.5868222374742621,0.2577278267927135,0.19359052235256768
Nordi Mukiele,Sunderland,D,31.033333333333335,0.09667024704618689,0.08954540601302294,0.08954540601302294,0.8378088077336198,0.09667024704618689,0.08870579878510516,0.7411385606874328,0.29248276659388545,0.2252012175916985
Omar Alderete,Sunderland,D S,31.2,0.032051282051282055,0.049537394989807255,0.049537394989807255,0.7692307692307693,0.032051282051282055,0.0194697611583158,0.2884615384615385,0.1458195259030431,0.12093427734306225
Reinildo,Sunderland,D S,21.933333333333334,0.0,0.007750977320443714,0.007750977320443714,0.182370820668693,0.04559270516717325,0.013490485984231923,0.2735562310030395,0.17994731574073025,0.1689348175646143
Robin Roefs,Sunderland,GK,35.0,0.0,0.0,0.0,0.0,0.0,0.020152684514011657,0.11428571428571428,0.08984488578779357,0.06969220074159758
Trai Hume,Sunderland,D M S,33.78888888888889,0.0591910555738244,0.08014393574688358,0.08014393574688358,1.0062479447550148,0.0295955277869122,0.061683348468537,0.7990792502466293,0.24356371467698465,0.12437478278110349
Wilson Isidor,Sunderland,F S,12.688888888888888,0.4728546409807356,0.44286102862235965,0.44286102862235965,3.3887915936952715,0.0,0.0,0.0,0.47539161172436123,0.05318425602284497
Archie Gray,Tottenham,D M S,16.633333333333333,0.12024048096192386,0.09550338060425255,0.09550338060425255,0.6613226452905812,0.12024048096192386,0.09970476903125854,0.4809619238476954,0.2146419092736586,0.13036939296834096
Conor Gallagher,Tottenham,M S,13.655555555555555,0.07323026851098455,0.11075433682380555,0.11075433682380555,0.80553295362083,0.07323026851098455,0.06262131330865588,0.951993490642799,0.30562311650365226,0.18705472398619036
Cristian Romero,Tottenham,D S,20.866666666666667,0.19169329073482427,0.08809086509620229,0.08809086509620229,0.8146964856230032,0.04792332268370607,0.08707411935368474,0.5750798722044729,0.2929793921605752,0.20526013325173825
Djed Spence,Tottenham,D M S,22.977777777777778,0.0,0.04940047135983722,0.04940047135983722,0.5657640232108317,0.0,0.080961428742092,0.43520309477756286,0.2487723613464106,0.13424793714062966
Dominic Solanke,Tottenham,F S,10.988888888888889,0.2730030333670374,0.32636275916116425,0.32636275916116425,1.820020222446916,0.0,0.05438666741756385,0.5460060667340748,0.4281235866708148,0.15387321474864943
Guglielmo Vicario,Tottenham,GK,31.0,0.0,0.0,0.0,0.0,0.0,0.0023182327708890357,0.03225806451612903,0.11326573497705884,0.11094750268685241
Iyenoma Destiny Udogie,Tottenham,D S,14.911111111111111,0.0,0.014651189308374807,0.014651189308374807,0.26825633383010433,0.06706408345752608,0.07524601478079658,0.8047690014903129,0.3471778796072466,0.28697961640173647
João Palhinha,Tottenham,D M S,24.22222222222222,0.20642201834862386,0.14067118713170837,0.14067118713170837,1.3623853211009174,0.08256880733944955,0.03174929753578174,0.3302752293577982,0.19733269981305124,0.13643829634737803
Kevin Danso,Tottenham,D S,16.544444444444444,0.0,0.03168593979546334,0.03168593979546334,0.6648757555406313,0.0,0.009590668855216217,0.12088650100738751,0.09976801152239116,0.09648533219620435
Lucas Bergvall,Tottenham,M S,10.622222222222222,0.09414225941422595,0.13502819286308654,0.13502819286308654,1.1297071129707112,0.2824267782426778,0.027454625912571796,0.47071129707112974,0.308240325712291,0.1593437478156706
Mathys Tel,Tottenham,F M S,14.71111111111111,0.2719033232628399,0.19212077554664223,0.19212077554664223,2.379154078549849,0.06797583081570997,0.23206936731495617,1.9712990936555892,0.4204810106721665,0.17729189305979862
Micky van de Ven,Tottenham,D,33.87777777777778,0.11807149885208264,0.07239419227131823,0.07239419227131823,0.47228599540833055,0.02951787471302066,0.029939679021462332,0.1475893735651033,0.1647556184740018,0.1547864363056865
Mohammed Kudus,Tottenham,F M,17.522222222222222,0.11414077362079898,0.13481891115202546,0.13481891115202546,1.4838300570703868,0.2853519340519975,0.14690712256712596,1.1984781230183894,0.2832181211242059,0.08027015963761808
Pape Sarr,Tottenham,M S,14.966666666666667,0.13363028953229397,0.13679487564350024,0.13679487564350024,1.135857461024499,0.26726057906458794,0.16259911992817389,0.734966592427617,0.4688477373468318,0.33134764321729177
Pedro Porro,Tottenham,D M S,31.27777777777778,0.03197158081705151,0.04485266727476412,0.04485266727476412,1.0230905861456483,0.06394316163410302,0.1358041375227021,1.69449378330373,0.33905727561847776,0.2810861027367797
Randal Kolo Muani,Tottenham,F M S,18.933333333333334,0.0528169014084507,0.14263539173325498,0.14263539173325498,1.056338028169014,0.0528169014084507,0.09756410743673923,1.0035211267605633,0.224264215671418,0.04170915177485473
Richarlison,Tottenham,F M S,21.4,0.5140186915887851,0.4610409645502952,0.4610409645502952,2.850467289719626,0.1869158878504673,0.15926113008373532,0.8878504672897197,0.522797389095214,0.10544167300599201
Rodrigo Bentancur,Tottenham,M S,21.455555555555556,0.04660797514241326,0.04554510198568261,0.04554510198568261,0.6059036768513724,0.04660797514241326,0.04089332829557016,0.46607975142413255,0.21762074020043487,0.19463488591930397
Wilson Odobert,Tottenham,F M S,10.511111111111111,0.0,0.2340550121042019,0.2340550121042019,1.9978858350951374,0.19027484143763213,0.18574853150083448,1.9027484143763214,0.5678012719610214,0.2743211595329749
Xavi Simons,Tottenham,F M S,19.644444444444446,0.10180995475113122,0.13827272256777298,0.13827272256777298,2.1380090497737556,0.25452488687782804,0.2367366686499176,1.7307692307692306,0.485117334769238,0.264868578800881
Aaron Wan-Bissaka,West Ham,D M S,23.255555555555556,0.0,0.0,0.0,0.0,0.08600095556617296,0.061447493308363944,0.7740086000955566,0.16459761407694432,0.13270212253275326
Alphonse Areola,West Ham,GK,20.0,0.0,0.0,0.0,0.0,0.05,0.00110722854733467,0.05,0.02153974585235119,0.02153974585235119
Axel Disasi,West Ham,D,13.977777777777778,0.0,0.0773168045772752,0.0773168045772752,0.35771065182829886,0.0,0.0017101894205344293,0.07154213036565978,0.22718130498354594,0.20554991345704549
Callum Wilson,West Ham,F M S,13.655555555555555,0.5126118795768918,0.5567449209279555,0.5567449209279555,2.7827502034174127,0.07323026851098455,0.07518985844463523,0.5858421480878764,0.5050275137419135,0.04669235079595478
Crysencio Summerville,West Ham,F M S,27.877777777777776,0.17935432443204466,0.20442925634114284,0.20442925634114284,1.9370267038660822,0.07174172977281786,0.1160676872796476,1.0043842168194501,0.3978573051925293,0.1421451327253999
El Hadji Malick Diouf,West Ham,D M S,30.122222222222224,0.0,0.018566032766482346,0.018566032766482346,0.5975654739948358,0.16599040944300994,0.10801924152793764,0.9627443747694577,0.23037973637800843,0.16894523239183012
Freddie Potts,West Ham,M S,12.8,0.0,0.0166119443019852,0.0166119443019852,0.234375,0.078125,0.09433674582396634,0.625,0.24724173548747785,0.17693246656563133
Jarrod Bowen,West Ham,F M,37.955555555555556,0.23711943793911006,0.21798110418719627,0.19792688988690074,2.081381733021077,0.2898126463700234,0.2221539627871884,1.1592505854800936,0.3788817404557796,0.10215920418505263
Jean-Clair Todibo,West Ham,D S,20.3,0.0,0.03231583080561878,0.03231583080561878,0.09852216748768472,0.04926108374384236,0.018717335638007506,0.24630541871921183,0.08988514753618265,0.07880066700389819
Konstantinos Mavropanos,West Ham,D S,27.977777777777778,0.10722795869737888,0.09976153080170416,0.09976153080170416,0.8220810166799046,0.0,0.01749900923457479,0.14297061159650518,0.15934392377864376,0.1463241920813125
Kyle Walker-Peters,West Ham,D S,15.166666666666666,0.06593406593406594,0.07834580810842934,0.07834580810842934,0.32967032967032966,0.0,0.023537991711726557,0.39560439560439564,0.32340107285059416,0.23719927619446765
Lucas Paquetá,West Ham,F M,17.155555555555555,0.23316062176165803,0.1422766710986224,0.05353937138455867,1.3406735751295338,0.05829015544041451,0.17556815889514404,1.3406735751295338,0.24864514273895347,0.08910568240412313
Mads Hermansen,West Ham,GK,18.0,0.0,0.0,0.0,0.0,0.05555555555555555,0.0020664655086066945,0.1111111111111111,0.11345701457725631,0.11139054886168903
Mateus Fernandes,West Ham,M S,33.82222222222222,0.08869908015768725,0.05385934636816775,0.05385934636816775,0.8278580814717477,0.11826544021024966,0.09863484273303628,1.0939553219448095,0.3051020780029987,0.20664914812202445
Max Kilman,West Ham,D S,17.244444444444444,0.0,0.06768048116241189,0.06768048116241189,0.4059278350515464,0.0,0.012044895094694546,0.23195876288659795,0.07155206792546226,0.06541746144048563
Soungoutou Magassa,West Ham,M S,10.844444444444445,0.09221311475409835,0.05710795377648328,0.05710795377648328,0.6454918032786885,0.0,0.06882645419730087,0.4610655737704918,0.22303113581223377,0.14122993873287235
Tomas Soucek,West Ham,M S,24.511111111111113,0.20398912058023572,0.2127283705011726,0.2127283705011726,1.0199456029011786,0.0,0.033527634571815554,0.44877606527651853,0.2961866428243065,0.18517056602059256
Valentín Castellanos,West Ham,F S,15.88888888888889,0.3776223776223776,0.44810224066560084,0.44810224066560084,3.1468531468531467,0.0,0.04704600942509991,0.7552447552447552,0.426681104852082,0.07168244241600061
Adam Armstrong,Wolverhampton Wanderers,F M,13.0,0.15384615384615385,0.21604448599884143,0.15749303695674127,1.3846153846153846,0.15384615384615385,0.11548580386890815,0.46153846153846156,0.21953574281472427,0.05510573146434931
André,Wolverhampton Wanderers,M S,30.7,0.03257328990228013,0.016796706207945992,0.016796706207945992,0.48859934853420195,0.0,0.04064622944894365,0.5863192182410424,0.2026127571246135,0.18000297369708457
David Møller Wolfe,Wolverhampton Wanderers,D S,11.766666666666667,0.0,0.007016276017295736,0.007016276017295736,0.254957507082153,0.16997167138810196,0.11087840681542077,0.6798866855524078,0.15214720587892502,0.11025382997336197
Emmanuel Agbadou,Wolverhampton Wanderers,D S,12.144444444444444,0.0,0.03678750683879863,0.03678750683879863,0.8234217749313816,0.0,0.014143656693869302,0.32936870997255263,0.136305090970439,0.12711237770081768
Hee-Chan Hwang,Wolverhampton Wanderers,F M S,16.322222222222223,0.12253233492171545,0.16307476088861123,0.11644086342145182,1.1640571817562968,0.12253233492171545,0.11527570173742824,0.9189925119128659,0.3160138650739615,0.10702460235868529
Hugo Bueno,Wolverhampton Wanderers,D M S,26.122222222222224,0.038281582305401955,0.034308642915896484,0.034308642915896484,0.6125053168864313,0.07656316461080391,0.14100226473422925,1.4547001276052742,0.21219803247741817,0.11213812321069543
Jackson Tchatchoua,Wolverhampton Wanderers,D S,20.244444444444444,0.0,0.005211558246128379,0.005211558246128379,0.1481888035126235,0.04939626783754117,0.11079370594684661,1.0373216245883645,0.2979900800642424,0.20598163309943604
Jean-Ricner Bellegarde,Wolverhampton Wanderers,F M S,14.088888888888889,0.07097791798107256,0.06173705581534501,0.06173705581534501,1.4905362776025237,0.07097791798107256,0.08634866841066897,0.9227129337539433,0.3691389036294344,0.24852689661890598
Jhon Arias,Wolverhampton Wanderers,F M S,12.666666666666666,0.07894736842105264,0.2599852691453539,0.2599852691453539,1.2631578947368423,0.0,0.07075472877017762,0.868421052631579,0.385075770661627,0.10619165826784938
José Sá,Wolverhampton Wanderers,GK,23.0,0.0,0.0,0.0,0.0,0.0,0.003614140593487283,0.043478260869565216,0.06733590008124062,0.06372175948775333
João Gomes,Wolverhampton Wanderers,M S,31.61111111111111,0.03163444639718805,0.039424647807891636,0.039424647807891636,0.5694200351493849,0.03163444639718805,0.04560946156589973,0.5061511423550088,0.196194404994771,0.16067434433579236
Ladislav Krejcí,Wolverhampton Wanderers,D M S,26.5,0.07547169811320754,0.06507443900237668,0.06507443900237668,0.7924528301886793,0.03773584905660377,0.05625954902959319,0.33962264150943394,0.1565626709247535,0.09780065645024462
Mateus Mané,Wolverhampton Wanderers,M S,19.822222222222223,0.15134529147982062,0.09950677816225675,0.09950677816225675,2.068385650224215,0.05044843049327354,0.16555794174344415,1.5134529147982063,0.2652307071241721,0.1252714175320619
Rodrigo Gomes,Wolverhampton Wanderers,D F M S,10.566666666666666,0.28391167192429023,0.2161927341427713,0.2161927341427713,1.9873817034700316,0.0,0.014319890516601522,0.28391167192429023,0.31959006985890376,0.09540791185543362
Sam Johnstone,Wolverhampton Wanderers,GK,12.0,0.0,0.0,0.0,0.0,0.0,0.0,0.0,0.026569889159873124,0.026569889159873124
Santiago Bueno,Wolverhampton Wanderers,D S,28.322222222222223,0.10592389172224402,0.07044910972447618,0.07044910972447618,0.3530796390741467,0.03530796390741467,0.031862744755338526,0.3530796390741467,0.15359517806543935,0.13907933728634236
Tolu Arokodare,Wolverhampton Wanderers,F S,15.077777777777778,0.19896831245394253,0.4925499927161938,0.4420671663497552,3.0508474576271185,0.06632277081798084,0.07691172779968053,0.7295504789977892,0.3584388184224584,0.07311886429715304
Toti,Wolverhampton Wanderers,D S,15.966666666666667,0.0,0.05950770764718599,0.05950770764718599,0.31315240083507306,0.0,0.00993224868010379,0.3757828810020877,0.143257630833411,0.13160286867886098
Yerson Mosquera,Wolverhampton Wanderers,D S,23.933333333333334,0.0,0.12392126324698122,0.12392126324698122,1.2534818941504178,0.0,0.05025447752264465,0.4596100278551532,0.24455691547675218,0.15706151923616118
