league,season,team,player,league_id,season_id,team_id,player_id,position,matches,minutes,goals,xg,np_goals,np_xg,assists,xa,shots,key_passes,yellow_cards,red_cards,xg_chain,xg_buildup
ENG-Premier League,2526,Arsenal,Bukayo Saka,1,2025,83,7322,F M S,31,2239,7,8.701195661909878,6,7.940026824362576,5,8.552797641605139,71,62,2,0,19.112561374902725,8.03783930838108
ENG-Premier League,2526,Arsenal,Cristhian Mosquera,1,2025,83,10024,D S,20,976,0,0.08585410565137863,0,0.08585410565137863,0,0.29345311783254147,1,5,4,0,5.388046391308308,5.184731021523476
ENG-Premier League,2526,Arsenal,David Raya,1,2025,83,9676,GK,37,3330,0,0.0,0,0.0,0,0.1493939720094204,0,3,1,0,6.412498269230127,6.3215070478618145
ENG-Premier League,2526,Arsenal,Declan Rice,1,2025,83,5553,D M S,36,3111,4,3.7209608871489763,4,3.7209608871489763,5,8.159449681639671,40,63,3,0,18.490907587110996,12.956868270412087
ENG-Premier League,2526,Arsenal,Eberechi Eze,1,2025,83,8706,F M S,33,1928,7,4.807457456365228,7,4.807457456365228,2,2.63351690210402,63,17,1,0,10.355983335524797,4.074069639667869
ENG-Premier League,2526,Arsenal,Gabriel,1,2025,83,5613,D S,32,2748,3,4.649077512323856,3,4.649077512323856,4,2.7250300347805023,27,7,4,0,8.894044917076826,8.309922948479652
ENG-Premier League,2526,Arsenal,Gabriel Martinelli,1,2025,83,7752,F M S,30,1025,1,5.357063241302967,1,5.357063241302967,4,2.569171307608485,29,13,3,0,10.0232590213418,3.6065212953835726
ENG-Premier League,2526,Arsenal,Jurriën Timber,1,2025,83,11707,D S,30,2475,3,4.030840836465359,3,4.030840836465359,5,2.5891424333676696,25,28,5,0,11.438589019700885,8.65939543582499
ENG-Premier League,2526,Arsenal,Leandro Trossard,1,2025,83,7698,F M S,31,2026,6,6.75317111518234,6,6.75317111518234,6,4.988008487969637,53,36,2,0,13.572629373520613,4.960563652217388
ENG-Premier League,2526,Arsenal,Martin Odegaard,1,2025,83,2517,M S,24,1347,1,1.219119856134057,1,1.219119856134057,6,4.978420486673713,22,38,0,0,11.73396972939372,7.5888855922967196
ENG-Premier League,2526,Arsenal,Martín Zubimendi,1,2025,83,7526,D M S,38,3040,5,2.944296659901738,5,2.944296659901738,1,1.087823610752821,27,19,4,0,13.476701468229294,11.17571103386581
ENG-Premier League,2526,Arsenal,Mikel Merino,1,2025,83,5304,F M S,22,1002,4,5.217843644320965,4,5.217843644320965,3,2.2901399955153465,22,12,1,0,8.36886066198349,3.8121333681046963
ENG-Premier League,2526,Arsenal,Noni Madueke,1,2025,83,11357,F M S,26,1246,2,1.9964179322123528,2,1.9964179322123528,1,4.010977517813444,25,22,0,0,6.728137206286192,3.293942168354988
ENG-Premier League,2526,Arsenal,Piero Hincapié,1,2025,83,9911,D S,25,1786,1,0.4126348299905658,1,0.4126348299905658,2,2.1274072602391243,3,13,2,0,8.479371219873428,6.883014105260372
ENG-Premier League,2526,Arsenal,Riccardo Calafiori,1,2025,83,8129,D S,26,1755,1,3.469513338059187,1,3.469513338059187,2,0.6484237592667341,32,9,5,0,8.157827861607075,6.558366058394313
ENG-Premier League,2526,Arsenal,Viktor Gyokeres,1,2025,83,7254,F S,36,2255,14,13.871430788189173,11,11.587924215942621,1,2.6537387324497104,55,20,5,0,14.775203138589859,3.2595408838242292
ENG-Premier League,2526,Arsenal,William Saliba,1,2025,83,6888,D S,31,2609,1,1.5777585953474045,1,1.5777585953474045,0,1.306027840822935,5,10,2,0,11.017331045120955,10.501945996657014
ENG-Premier League,2526,Aston Villa,Amadou Onana,1,2025,71,9667,M S,25,1793,2,2.772524105384946,2,2.772524105384946,0,0.5039298757910728,19,7,3,0,6.815283706411719,5.313166355714202
ENG-Premier League,2526,Aston Villa,Boubacar Kamara,1,2025,71,5789,M S,18,1434,1,1.0521572744473815,1,1.0521572744473815,3,0.7290232917293906,7,15,5,0,5.69795267097652,4.270241666585207
ENG-Premier League,2526,Aston Villa,Douglas Luiz,1,2025,71,6122,M S,21,936,1,0.70245710760355,1,0.70245710760355,0,1.8229417381808162,11,19,3,0,4.070820711553097,2.8109072893857956
ENG-Premier League,2526,Aston Villa,Emiliano Buendía,1,2025,71,2203,M S,36,1778,6,3.7844833629205823,6,3.7844833629205823,2,3.626239098608494,49,30,6,0,9.206152960658073,3.6858682241290808
ENG-Premier League,2526,Aston Villa,Emiliano Martinez,1,2025,71,4401,GK,32,2837,0,0.0,0,0.0,1,0.35384001582860947,0,2,2,0,4.597850669175386,4.244010683149099
ENG-Premier League,2526,Aston Villa,Evann Guessand,1,2025,71,8006,M S,21,920,1,1.8542680740356445,1,1.8542680740356445,2,1.2377337515354156,11,5,0,0,3.7793724592775106,1.3025728072971106
ENG-Premier League,2526,Aston Villa,Ezri Konsa Ngoyo,1,2025,71,7726,D,34,3036,0,1.0740509293973446,0,1.0740509293973446,0,0.6014871783554554,11,5,0,1,9.361096058040857,8.838568899780512
ENG-Premier League,2526,Aston Villa,Ian Maatsen,1,2025,71,11807,D S,30,1587,0,1.2995175179094076,0,1.2995175179094076,1,2.966688236221671,20,25,2,0,5.083011580631137,3.7247030083090067
ENG-Premier League,2526,Aston Villa,John McGinn,1,2025,71,7723,M S,30,2221,5,2.999398436397314,5,2.999398436397314,4,4.862495846115053,28,39,5,0,10.930921144783497,5.892162735573947
ENG-Premier League,2526,Aston Villa,Lamare Bogarde,1,2025,71,10025,D M S,28,1011,0,0.0,0,0.0,0,0.04115242511034012,0,2,5,0,1.9570542350411415,1.915901817381382
ENG-Premier League,2526,Aston Villa,Lucas Digne,1,2025,71,1823,D S,31,1857,0,0.7033488415181637,0,0.7033488415181637,6,3.052508193999529,14,26,3,0,5.530973820015788,4.1429683696478605
ENG-Premier League,2526,Aston Villa,Matthew Cash,1,2025,71,8864,D S,35,3040,3,1.2179190125316381,3,1.2179190125316381,3,3.2148889815434813,30,31,9,0,10.301109017804265,8.072564328089356
ENG-Premier League,2526,Aston Villa,Morgan Rogers,1,2025,71,12412,F M,37,3301,10,7.1458222679793835,10,7.1458222679793835,6,7.475014166906476,84,48,7,0,18.204907912760973,7.18029835447669
ENG-Premier League,2526,Aston Villa,Ollie Watkins,1,2025,71,8865,F S,37,2908,16,18.827725588344038,16,18.827725588344038,3,2.816021606326103,83,23,4,0,21.745904091745615,4.3408186649903655
ENG-Premier League,2526,Aston Villa,Pau Torres,1,2025,71,6221,D S,21,1679,0,1.5826024003326893,0,1.5826024003326893,0,0.006894074846059084,9,1,1,0,4.503719758242369,4.4294948391616344
ENG-Premier League,2526,Aston Villa,Tyrone Mings,1,2025,71,1024,D S,17,1314,0,1.492117453366518,0,1.492117453366518,0,0.7093149498105049,9,5,1,0,3.90316248126328,3.59125361405313
ENG-Premier League,2526,Aston Villa,Victor Lindelöf,1,2025,71,6080,D M S,17,938,0,0.15612759068608284,0,0.15612759068608284,1,0.5980998799204826,3,2,0,0,2.5445900056511164,2.527874367311597
ENG-Premier League,2526,Aston Villa,Youri Tielemans,1,2025,71,5956,M S,25,1861,0,1.8399642640724778,0,1.8399642640724778,4,2.9822675781324506,24,32,0,0,9.826997235417366,7.487443540245295
ENG-Premier League,2526,Bournemouth,Adam Smith,1,2025,73,825,D S,22,1079,0,0.0,0,0.0,2,0.4984638234600425,0,6,3,0,4.537172414362431,4.063000334426761
ENG-Premier League,2526,Bournemouth,Adrien Truffert,1,2025,73,8640,D,38,3391,1,1.9886900894343853,1,1.9886900894343853,5,4.408130643889308,16,33,5,0,15.238870711997151,9.958876593969762
ENG-Premier League,2526,Bournemouth,Alejandro Jiménez,1,2025,73,12168,D M S,31,2354,1,1.210428036749363,1,1.210428036749363,0,1.7028822358697653,21,15,10,0,7.3223335556685925,4.869594149291515
ENG-Premier League,2526,Bournemouth,Alex Scott,1,2025,73,12149,M S,37,2915,3,3.5001351330429316,3,3.5001351330429316,1,2.8919121669605374,44,26,5,0,15.246188033372164,10.991569228470325
ENG-Premier League,2526,Bournemouth,Amine Adli,1,2025,73,8211,M S,31,1036,3,3.5744741037487984,3,3.5744741037487984,1,1.2779199946671724,20,17,2,0,6.13513302244246,2.1690841764211655
ENG-Premier League,2526,Bournemouth,Antoine Semenyo,1,2025,73,11363,F M,37,3220,17,12.836786897853017,16,11.31444920040667,4,4.130169393494725,83,38,7,0,20.870588455349207,7.893717190250754
ENG-Premier League,2526,Bournemouth,Bafode Diakite,1,2025,73,7268,D S,18,1276,0,0.013867756351828575,0,0.013867756351828575,0,0.08456607162952423,1,2,1,0,3.9265325367450714,3.8777282163500786
ENG-Premier League,2526,Bournemouth,David Brooks,1,2025,73,6820,M S,31,1191,1,6.54012631252408,1,6.54012631252408,3,4.196839664131403,48,25,7,0,12.195374373346567,2.6664827950298786
ENG-Premier League,2526,Bournemouth,Djordje Petrovic,1,2025,73,12032,GK,38,3420,0,0.0,0,0.0,0,0.0,0,0,3,0,3.017996920272708,3.017996920272708
ENG-Premier League,2526,Bournemouth,Eli Junior Kroupi,1,2025,73,11504,F M S,33,1708,13,8.849121669307351,11,7.326783983036876,0,1.81576990429312,52,22,5,0,11.65668847411871,5.08306846767664
ENG-Premier League,2526,Bournemouth,Evanilson,1,2025,73,12963,F S,36,2810,6,11.830083925276995,6,11.830083925276995,1,3.069119781255722,72,30,2,0,15.950044002383947,3.485610034316778
ENG-Premier League,2526,Bournemouth,James Hill,1,2025,73,10747,D S,29,2100,0,0.9502518232911825,0,0.9502518232911825,3,1.4291670992970467,12,13,5,0,7.55955524276942,7.176162118092179
ENG-Premier League,2526,Bournemouth,Justin Kluivert,1,2025,73,6963,M S,20,934,2,2.293420127592981,2,2.293420127592981,0,2.294822184368968,17,22,5,0,5.311763904988766,2.3175806514918804
ENG-Premier League,2526,Bournemouth,Marcos Senesi,1,2025,73,10864,D,37,3298,0,1.850691837258637,0,1.850691837258637,5,4.026684596203268,16,24,8,0,14.265297041274607,10.905751962214708
ENG-Premier League,2526,Bournemouth,Marcus Tavernier,1,2025,73,10741,M S,34,2779,7,9.397737859748304,5,7.875400157645345,4,6.158757623285055,70,52,6,0,17.828483875840902,8.152811899781227
ENG-Premier League,2526,Bournemouth,Rayan,1,2025,73,14395,M S,15,1146,5,2.6684105955064297,5,2.6684105955064297,2,2.7789037879556417,28,14,1,0,6.337880494073033,2.8229257110506296
ENG-Premier League,2526,Bournemouth,Ryan Christie,1,2025,73,10744,M S,26,942,2,1.7907362105324864,2,1.7907362105324864,0,1.6195761244744062,25,11,3,1,7.692040719091892,4.515199979767203
ENG-Premier League,2526,Bournemouth,Tyler Adams,1,2025,73,7352,M S,25,1805,2,0.9289743825793266,2,0.9289743825793266,2,1.2302900850772858,10,7,8,0,6.869911018759012,5.867583338171244
ENG-Premier League,2526,Brentford,Caoimhin Kelleher,1,2025,244,7904,GK,37,3330,0,0.0,0,0.0,0,0.10640144906938076,0,2,1,0,5.348196176812053,5.241794735193253
ENG-Premier League,2526,Brentford,Dango Ouattara,1,2025,244,9662,F M S,32,2303,7,8.694322310388088,7,8.694322310388088,3,5.863189795985818,56,27,5,0,13.248472003266215,2.525791243650019
ENG-Premier League,2526,Brentford,Jordan Henderson,1,2025,244,605,M S,32,1935,1,0.5513727776706219,1,0.5513727776706219,3,3.320531530305743,6,19,6,0,8.78984696418047,6.131646819412708
ENG-Premier League,2526,Brentford,Keane Lewis-Potter,1,2025,244,10809,D F M S,36,1949,3,3.214926864951849,3,3.214926864951849,3,2.714283775538206,31,19,1,0,7.842858789488673,3.1916828025132418
ENG-Premier League,2526,Brentford,Kevin Schade,1,2025,244,9156,F M S,35,2781,8,11.832689953967929,8,11.071521116420627,3,4.565257132053375,57,29,6,1,17.37519696727395,3.947028372436762
ENG-Premier League,2526,Brentford,Kristoffer Ajer,1,2025,244,9677,D S,27,1809,0,1.053914662450552,0,1.053914662450552,1,0.9042857214808464,10,5,4,0,5.491811184212565,3.8735721353441477
ENG-Premier League,2526,Brentford,Mathias Jensen,1,2025,244,7166,M S,36,2258,3,1.5882399883121252,3,1.5882399883121252,1,5.333177657797933,29,33,3,0,10.393253115937114,7.005861360579729
ENG-Premier League,2526,Brentford,Michael Kayode,1,2025,244,11281,D,37,3281,1,1.169110944494605,1,1.169110944494605,1,3.184721387922764,9,33,8,0,13.046297889202833,9.568754518404603
ENG-Premier League,2526,Brentford,Mikkel Damsgaard,1,2025,244,8859,M S,33,2085,4,2.9744047094136477,4,2.9744047094136477,4,6.468690361827612,30,42,0,0,12.347467929124832,6.4731036853045225
ENG-Premier League,2526,Brentford,Nathan Collins,1,2025,244,9733,D S,35,2966,1,2.917149268090725,1,2.917149268090725,2,2.4296576268970966,20,9,7,0,10.035949086770415,8.510592883452773
ENG-Premier League,2526,Brentford,Rico Henry,1,2025,244,9679,D S,25,1315,0,0.14565920177847147,0,0.14565920177847147,1,0.31617192178964615,5,4,2,0,2.418498318642378,2.231708014383912
ENG-Premier League,2526,Brentford,Sepp van den Berg,1,2025,244,10721,D S,32,2758,0,3.3328840751200914,0,3.3328840751200914,2,2.197148658335209,23,7,2,0,8.73620273731649,6.425411341711879
ENG-Premier League,2526,Brentford,Thiago,1,2025,244,13222,F S,38,3292,22,24.68977300822735,14,17.83925338834524,1,3.4500465877354145,84,24,7,0,22.693457752466202,4.9276386722922325
ENG-Premier League,2526,Brentford,Vitaly Janelt,1,2025,244,9680,M S,25,1421,1,0.7498585553839803,1,0.7498585553839803,4,3.811057908460498,12,21,8,0,6.326032001525164,3.632891008630395
ENG-Premier League,2526,Brentford,Yehor Yarmolyuk,1,2025,244,11772,M S,37,2679,1,1.3752933973446488,1,1.3752933973446488,2,1.2573875626549125,16,14,7,0,9.288000541739166,7.919278662651777
ENG-Premier League,2526,Brighton,Bart Verbruggen,1,2025,220,11711,GK,38,3420,0,0.0,0,0.0,0,0.07646425813436508,0,1,3,0,7.377120533958077,7.377120533958077
ENG-Premier League,2526,Brighton,Carlos Baleba,1,2025,220,10527,M S,31,1692,0,0.5733493687584996,0,0.5733493687584996,0,0.812482200562954,20,9,5,0,5.856022956781089,4.607899966649711
ENG-Premier League,2526,Brighton,Danny Welbeck,1,2025,220,501,F S,37,2286,13,12.718900069594383,12,10.435393424704671,1,2.2625304386019707,56,20,5,0,14.984859207645059,4.79668786842376
ENG-Premier League,2526,Brighton,Diego Gómez,1,2025,220,13364,F M S,32,2186,5,6.4177497662603855,5,6.4177497662603855,1,2.0924463979899883,42,20,9,0,14.406207546591759,7.100968384183943
ENG-Premier League,2526,Brighton,Ferdi Kadioglu,1,2025,220,13066,D M S,37,3145,1,2.019620954990387,1,2.019620954990387,0,2.244557812809944,28,22,6,0,14.008788719773293,11.695813551545143
ENG-Premier League,2526,Brighton,Georginio Rutter,1,2025,220,6937,F M S,32,1784,3,2.933251672424376,3,2.933251672424376,3,4.598605487495661,42,25,2,0,10.858153810724616,4.214052898809314
ENG-Premier League,2526,Brighton,Jack Hinshelwood,1,2025,220,11269,D M S,27,1773,4,4.76202392950654,4,4.76202392950654,3,2.3572685150429606,37,16,0,0,11.615752866491675,5.945451917126775
ENG-Premier League,2526,Brighton,Jan Paul van Hecke,1,2025,220,10807,D,36,3214,3,3.358578664250672,3,3.358578664250672,3,1.0255657620728016,23,12,9,0,14.122217744588852,13.213500533252954
ENG-Premier League,2526,Brighton,Joël Veltman,1,2025,220,8780,D S,24,1025,1,1.064280278980732,1,1.064280278980732,0,0.252019003033638,4,4,5,0,2.46354559995234,2.3217557463794947
ENG-Premier League,2526,Brighton,Kaoru Mitoma,1,2025,220,10806,F M S,25,1723,3,4.789182621985674,3,4.789182621985674,1,3.54316034540534,32,30,5,0,11.286602273583412,4.618424783460796
ENG-Premier League,2526,Brighton,Lewis Dunk,1,2025,220,6048,D S,33,2831,1,1.3368871174752712,1,1.3368871174752712,0,0.5454101115465164,23,7,10,0,12.689484484493732,12.6021059602499
ENG-Premier League,2526,Brighton,Mats Wieffer,1,2025,220,12758,D S,26,1922,2,1.9274322018027306,2,1.9274322018027306,3,2.8690227568149567,18,19,8,0,10.283977266401052,8.267712463624775
ENG-Premier League,2526,Brighton,Maxim De Cuyper,1,2025,220,13711,D M S,30,1412,2,1.7418285254389048,2,1.7418285254389048,3,4.685627582482994,13,32,2,0,6.840236205607653,3.4948783963918686
ENG-Premier League,2526,Brighton,Pascal Groß,1,2025,220,239,M S,19,1635,1,1.2529933378100395,1,1.2529933378100395,3,3.2941888589411974,18,39,2,0,10.012519028037786,8.280529152601957
ENG-Premier League,2526,Brighton,Yankuba Minteh,1,2025,220,12759,M S,34,2410,3,4.752463513985276,3,4.752463513985276,4,5.841520894318819,41,44,3,0,16.411175997927785,8.573732296004891
ENG-Premier League,2526,Brighton,Yasin Ayari,1,2025,220,11385,M S,29,1918,3,2.1179441660642624,3,2.1179441660642624,3,1.4007999636232853,41,15,1,0,7.900783270597458,5.4767448622733355
ENG-Premier League,2526,Burnley,Axel Tuanzebe,1,2025,92,934,D,14,1209,1,0.5582677125930786,1,0.5582677125930786,0,0.0,2,0,1,0,2.774651762098074,2.2163840495049953
ENG-Premier League,2526,Burnley,Bashir Humphreys,1,2025,92,11243,D S,20,1585,0,0.5261353980749846,0,0.5261353980749846,0,0.8644249252974987,9,9,6,0,3.3381601544097066,2.9341755593195558
ENG-Premier League,2526,Burnley,Chimuanya Ugochukwu,1,2025,92,9451,M S,35,2407,3,2.6224562898278236,3,2.6224562898278236,1,0.4493608232587576,22,10,1,1,7.2667165994644165,4.90908182784915
ENG-Premier League,2526,Burnley,Florentino Luís,1,2025,92,8969,M S,31,2146,0,1.0381876304745674,0,1.0381876304745674,2,0.5375469047576189,13,13,6,0,4.911807460710406,4.165495180524886
ENG-Premier League,2526,Burnley,Hannibal Mejbri,1,2025,92,9558,M S,27,1251,1,0.7498194272629917,1,0.7498194272629917,4,2.8381893672049046,19,21,10,0,5.953092758543789,3.3755732849240303
ENG-Premier League,2526,Burnley,Hjalmar Ekdal,1,2025,92,11704,D S,19,1545,0,0.6082124067470431,0,0.6082124067470431,0,0.16814450826495886,6,4,0,0,2.7116604670882225,2.586940612643957
ENG-Premier League,2526,Burnley,Jacob Bruun Larsen,1,2025,92,5355,F M S,28,1003,0,1.4321176074445248,0,1.4321176074445248,1,1.3782861307263374,17,12,0,0,4.528628235682845,2.252522235736251
ENG-Premier League,2526,Burnley,Jaidon Anthony,1,2025,92,10746,F M S,37,2777,8,5.564454321749508,8,5.564454321749508,2,4.374400090426207,55,37,4,0,12.432500068098307,5.8338369987905025
ENG-Premier League,2526,Burnley,James Ward-Prowse,1,2025,92,843,M S,18,1082,0,0.1810428909957409,0,0.1810428909957409,1,3.429459560662508,5,23,1,0,3.5722367390990257,3.075804917141795
ENG-Premier League,2526,Burnley,Josh Cullen,1,2025,92,1018,M,18,1533,2,1.0142266415059566,2,1.0142266415059566,2,1.8168634045869112,11,13,2,0,6.162752605974674,4.625554047524929
ENG-Premier League,2526,Burnley,Josh Laurent,1,2025,92,13728,D M S,33,1720,1,1.0436750873923302,1,1.0436750873923302,0,0.7355106780305505,15,12,7,1,3.1661211233586073,1.6837338991463184
ENG-Premier League,2526,Burnley,Kyle Walker,1,2025,92,638,D M S,36,3101,0,0.09304121043533087,0,0.09304121043533087,2,1.6653890665620565,4,13,9,0,9.239772559143603,9.072032039053738
ENG-Premier League,2526,Burnley,Loum Tchaouna,1,2025,92,9977,F M S,29,1268,2,1.2590220803394914,2,1.2590220803394914,1,1.1996374279260635,23,13,2,0,4.213689148426056,1.9740990120917559
ENG-Premier League,2526,Burnley,Lucas Pires,1,2025,92,11824,D S,20,1391,0,0.9026442989706993,0,0.9026442989706993,0,1.5199418039992452,16,20,1,1,3.833500165492296,2.3545368826016784
ENG-Premier League,2526,Burnley,Lyle Foster,1,2025,92,7498,F M S,26,1375,3,3.5921845473349094,3,3.5921845473349094,2,1.145955815911293,20,10,4,0,5.975080406293273,2.1302394028753042
ENG-Premier League,2526,Burnley,Marcus Edwards,1,2025,92,13730,F M S,23,1054,1,2.2835088558495045,1,2.2835088558495045,3,2.546008862555027,23,20,0,0,6.092996638268232,3.1580835357308388
ENG-Premier League,2526,Burnley,Martin Dubravka,1,2025,92,6532,GK,35,3150,0,0.0,0,0.0,0,0.0,0,0,1,0,2.838488420471549,2.838488420471549
ENG-Premier League,2526,Burnley,Maxime Estève,1,2025,92,9487,D,34,2946,0,0.4516084846109152,0,0.4516084846109152,0,0.7021042061969638,10,6,1,0,4.438025475479662,4.28961091581732
ENG-Premier League,2526,Burnley,Quilindschy Hartman,1,2025,92,13727,D,21,1843,0,0.377465664409101,0,0.377465664409101,5,2.790129487402737,9,20,1,0,5.23548704944551,4.075551783666015
ENG-Premier League,2526,Burnley,Zian Flemming,1,2025,92,13729,F S,29,1795,11,9.554794699884951,9,8.032457021065056,0,0.6848367601633072,52,10,5,0,7.825265257619321,1.7185871880501509
ENG-Premier League,2526,Chelsea,Alejandro Garnacho,1,2025,80,10552,F M S,24,1285,1,4.111795756965876,1,4.111795756965876,4,4.21896393597126,33,29,2,0,12.953486386686563,6.525954343378544
ENG-Premier League,2526,Chelsea,Andrey Santos,1,2025,80,11808,M S,27,1217,1,2.5551512390375137,1,2.5551512390375137,0,0.6883775070309639,11,8,4,0,6.324630655348301,4.395013879984617
ENG-Premier League,2526,Chelsea,Cole Palmer,1,2025,80,8497,F M S,26,2007,10,10.257518742233515,5,5.69050582125783,1,2.1231346298009157,64,24,5,0,16.862019807100296,10.53817812167108
ENG-Premier League,2526,Chelsea,Enzo Fernández,1,2025,80,11356,M S,36,3149,10,11.91719657368958,8,10.394858876243234,4,8.865934781730175,72,68,10,0,27.90237918496132,16.159590516239405
ENG-Premier League,2526,Chelsea,Jorrel Hato,1,2025,80,13776,D S,22,1131,0,0.33830922096967697,0,0.33830922096967697,0,0.7095918618142605,4,8,7,0,6.1744435131549835,5.819172963500023
ENG-Premier League,2526,Chelsea,João Pedro,1,2025,80,8272,F M S,35,2698,15,15.723741941154003,15,15.723741941154003,5,3.983569510281086,73,29,5,0,19.279914382845163,4.795918667688966
ENG-Premier League,2526,Chelsea,Liam Delap,1,2025,80,8868,F S,28,1064,1,5.030099527910352,1,5.030099527910352,0,0.16925495117902756,36,3,4,0,7.515913432464004,3.4006371833384037
ENG-Premier League,2526,Chelsea,Malo Gusto,1,2025,80,9017,D M S,34,2306,2,1.9418211746960878,2,1.9418211746960878,3,3.805633621290326,12,27,3,1,16.337898954749107,13.553333889693022
ENG-Premier League,2526,Chelsea,Marc Cucurella,1,2025,80,7134,D M S,34,2714,1,1.8860962446779013,1,1.8860962446779013,4,4.541678033769131,20,39,8,1,15.159206625074148,12.003521535545588
ENG-Premier League,2526,Chelsea,Moisés Caicedo,1,2025,80,9453,M S,33,2811,3,1.5309751015156507,3,1.5309751015156507,1,2.626823216676712,27,18,11,1,17.209235347807407,15.360051840543747
ENG-Premier League,2526,Chelsea,Pedro Neto,1,2025,80,6382,F M S,34,2667,5,5.149658527225256,5,5.149658527225256,6,7.933838244527578,46,53,2,1,19.275073874741793,9.826909113675356
ENG-Premier League,2526,Chelsea,Reece James,1,2025,80,8067,D M S,29,1927,2,1.2280184961855412,2,1.2280184961855412,4,3.9933422207832336,22,27,4,0,11.531630601733923,9.75475050136447
ENG-Premier League,2526,Chelsea,Robert Sánchez,1,2025,80,9098,GK,35,3054,0,0.0,0,0.0,1,0.8848487213253975,0,5,4,1,10.15497968159616,9.270130960270762
ENG-Premier League,2526,Chelsea,Trevoh Chalobah,1,2025,80,6615,D S,34,2781,3,1.84148343000561,3,1.84148343000561,0,0.6305756159126759,16,5,3,1,14.728520268574357,14.596847238019109
ENG-Premier League,2526,Chelsea,Wesley Fofana,1,2025,80,7589,D S,25,1745,0,0.5401721596717834,0,0.5401721596717834,1,0.658527560532093,8,3,5,2,8.765856113284826,8.73524048551917
ENG-Premier League,2526,Crystal Palace,Adam Wharton,1,2025,78,12409,M S,34,2596,1,1.1520960042253137,1,1.1520960042253137,5,6.6245664320886135,32,44,4,1,14.679165456444025,10.561547454446554
ENG-Premier League,2526,Crystal Palace,Brennan Johnson,1,2025,78,10760,D F M S,34,1709,2,2.5934192165732384,2,2.5934192165732384,1,1.281047284603119,23,19,6,0,5.23962683416903,1.9340150188654661
ENG-Premier League,2526,Crystal Palace,Chris Richards,1,2025,78,8430,D S,33,2819,1,1.7814537715166807,1,1.7814537715166807,0,0.4875335106626153,15,9,4,0,7.80950731690973,7.502825566567481
ENG-Premier League,2526,Crystal Palace,Daichi Kamada,1,2025,78,6145,M S,28,1924,0,1.4871895518153906,0,1.4871895518153906,0,2.585762256756425,19,20,3,0,9.884232659824193,7.305970148183405
ENG-Premier League,2526,Crystal Palace,Daniel Muñoz,1,2025,78,12408,D,29,2417,4,3.147003997117281,4,3.147003997117281,3,5.066070262342691,26,27,7,0,10.425639127381146,4.4382075956091285
ENG-Premier League,2526,Crystal Palace,Dean Henderson,1,2025,78,7702,GK,37,3330,0,0.0,0,0.0,0,0.015475641936063766,0,1,5,0,3.7611547224223614,3.7611547224223614
ENG-Premier League,2526,Crystal Palace,Ismaila Sarr,1,2025,78,5675,F M S,28,2181,9,11.543307237327099,6,9.259800650179386,1,2.200463268905878,48,19,2,0,12.695851609110832,3.182719247415662
ENG-Premier League,2526,Crystal Palace,Jaydee Canvot,1,2025,78,13091,D S,20,1334,0,1.5658284928649664,0,1.5658284928649664,0,0.0823616674169898,7,3,3,0,3.845728666521609,3.81945420242846
ENG-Premier League,2526,Crystal Palace,Jean-Philippe Mateta,1,2025,78,5735,F S,32,2225,12,15.977427493780851,8,12.93275199458003,0,1.2496193014085293,63,9,2,0,15.170770466327667,2.393757389858365
ENG-Premier League,2526,Crystal Palace,Jefferson Lerma,1,2025,78,2182,D M S,31,1693,0,2.208588045090437,0,2.208588045090437,2,1.7842966839671135,19,13,7,0,7.616084651090205,6.042748659849167
ENG-Premier League,2526,Crystal Palace,Jørgen Strand Larsen,1,2025,78,11070,F S,36,2353,4,6.514206910505891,3,4.991869203746319,1,0.6865616654977202,44,10,4,0,7.06976137124002,2.5690375342965126
ENG-Premier League,2526,Crystal Palace,Marc Guehi,1,2025,78,7603,D,35,3150,3,4.697336498647928,3,4.697336498647928,3,2.726592278573662,32,18,6,0,17.67278046440333,15.488122279755771
ENG-Premier League,2526,Crystal Palace,Maxence Lacroix,1,2025,78,8853,D,35,3094,1,3.006834846921265,1,3.006834846921265,2,1.2868863735347986,25,7,4,1,10.744279656559229,9.981197169981897
ENG-Premier League,2526,Crystal Palace,Tyrick Mitchell,1,2025,78,8214,D S,38,3258,1,1.9847235046327114,1,1.9847235046327114,2,3.036134548485279,19,29,6,0,13.155461082234979,9.87049151957035
ENG-Premier League,2526,Crystal Palace,Will Hughes,1,2025,78,6104,M S,31,1567,0,1.2812513932585716,0,1.2812513932585716,0,1.9265618100762367,17,21,7,0,7.058678660541773,5.38273361325264
ENG-Premier League,2526,Crystal Palace,Yeremi Pino,1,2025,78,9024,F M S,34,2134,2,4.372978935018182,2,4.372978935018182,2,8.502093791030347,45,48,4,0,13.46667707618326,4.587377788498998
ENG-Premier League,2526,Everton,Beto,1,2025,72,9983,F S,37,1552,9,10.947674445807934,9,10.947674445807934,1,1.0041863042861223,43,12,3,0,12.097216665744781,0.9316300563514233
ENG-Premier League,2526,Everton,Dwight McNeil,1,2025,72,6756,F M S,22,1184,0,1.4632735215127468,0,1.4632735215127468,1,1.7390878200531006,24,15,1,0,4.6209026128053665,2.5291305258870125
ENG-Premier League,2526,Everton,Idrissa Gueye,1,2025,72,668,M,25,2120,2,1.9142106398940086,2,1.9142106398940086,3,1.693690698593855,29,13,1,1,9.138687188737094,6.896284964866936
ENG-Premier League,2526,Everton,Iliman Ndiaye,1,2025,72,9307,M,32,2805,6,6.143797228112817,4,4.6214595306664705,3,4.4570258148014545,43,30,2,0,15.463790696114302,6.865662005729973
ENG-Premier League,2526,Everton,Jack Grealish,1,2025,72,675,F M S,20,1645,2,3.084938551299274,2,3.084938551299274,6,4.558330744504929,26,38,2,1,9.290637398138642,3.2924681939184666
ENG-Premier League,2526,Everton,Jake O'Brien,1,2025,72,12014,D S,37,3146,1,1.3068652302026749,1,1.3068652302026749,1,0.7244354635477066,13,17,6,1,6.4874480636790395,5.052895814180374
ENG-Premier League,2526,Everton,James Garner,1,2025,72,7438,D M,38,3417,2,2.075645294971764,2,2.075645294971764,7,6.066574491560459,45,56,12,0,11.283361876383424,8.333431598730385
ENG-Premier League,2526,Everton,James Tarkowski,1,2025,72,1665,D,37,3330,2,2.8690776508301497,2,2.8690776508301497,3,2.0567114762961864,20,18,8,0,6.824133190326393,5.569046746008098
ENG-Premier League,2526,Everton,Jordan Pickford,1,2025,72,741,GK,38,3420,0,0.0,0,0.0,0,0.2333715260028839,0,2,4,0,3.0988036673516035,3.0166866462677717
ENG-Premier League,2526,Everton,Kiernan Dewsbury-Hall,1,2025,72,9739,M S,31,2649,8,4.330071024596691,8,4.330071024596691,4,6.574528481811285,39,36,6,0,14.278130359947681,8.12063055485487
ENG-Premier League,2526,Everton,Michael Keane,1,2025,72,1653,D S,33,2586,3,3.5690636690706015,3,3.5690636690706015,1,0.13012627139687538,26,2,1,1,5.3534705666825175,4.28355781827122
ENG-Premier League,2526,Everton,Thierno Barry,1,2025,72,12916,F S,38,1921,8,9.149327086284757,8,9.149327086284757,0,1.003938363865018,38,12,3,0,10.248973826877773,2.152141290716827
ENG-Premier League,2526,Everton,Tim Iroegbunam,1,2025,72,9554,M S,29,1496,0,0.5109043149277568,0,0.5109043149277568,2,1.847727376036346,12,8,9,0,4.414639215916395,2.8447110541164875
ENG-Premier League,2526,Everton,Vitalii Mykolenko,1,2025,72,10291,D,33,2963,0,0.2774586006999016,0,0.2774586006999016,1,1.1418284978717566,9,22,6,0,8.09473404660821,7.0455850679427385
ENG-Premier League,2526,Fulham,Alex Iwobi,1,2025,228,500,M,29,2473,4,2.403212903998792,4,2.403212903998792,3,3.629966888576746,39,42,3,0,10.424585027620196,6.602384243160486
ENG-Premier League,2526,Fulham,Antonee Robinson,1,2025,228,8940,D S,22,1484,1,0.977246874012053,0,0.21607803646475077,0,1.090028055012226,6,21,5,0,4.5612694546580315,3.8488879278302193
ENG-Premier League,2526,Fulham,Bernd Leno,1,2025,228,181,GK,38,3420,0,0.0,0,0.0,0,0.0,0,0,3,0,4.902563899755478,4.902563899755478
ENG-Premier League,2526,Fulham,Calvin Bassey,1,2025,228,11728,D S,30,2523,1,1.1909357141703367,1,1.1909357141703367,0,0.4309475254267454,11,10,5,0,6.1885900385677814,5.893190614879131
ENG-Premier League,2526,Fulham,Emile Smith-Rowe,1,2025,228,7230,M S,37,1933,3,4.261428236961365,3,4.261428236961365,0,1.417598308995366,36,18,1,0,8.591270301491022,4.14689252525568
ENG-Premier League,2526,Fulham,Harry Wilson,1,2025,228,5596,M S,36,2751,10,5.759745923802257,10,5.759745923802257,7,5.503671173006296,78,37,7,0,11.091712068766356,4.132661418989301
ENG-Premier League,2526,Fulham,Joachim Andersen,1,2025,228,6314,D,33,2882,0,1.6593082277104259,0,1.6593082277104259,1,0.5809159595519304,16,6,7,1,9.259830322116613,8.9278842844069
ENG-Premier League,2526,Fulham,Jorge Cuenca,1,2025,228,8489,D S,15,949,0,0.050821494311094284,0,0.050821494311094284,0,0.5158752724528313,1,3,6,0,2.3103927858173847,2.3103927858173847
ENG-Premier League,2526,Fulham,Joshua King,1,2025,228,12410,F M S,32,1306,1,3.79960710555315,1,3.79960710555315,2,1.0395643608644605,26,15,4,0,6.186926681548357,2.6014943681657314
ENG-Premier League,2526,Fulham,Kenny Tete,1,2025,228,5973,D S,22,1805,1,0.728774206712842,1,0.728774206712842,0,0.9490535911172628,16,11,2,0,3.9443747084587812,3.1575920060276985
ENG-Premier League,2526,Fulham,Kevin,1,2025,228,14030,M S,26,1002,1,1.334008033387363,1,1.334008033387363,1,1.2403811980038881,25,14,1,0,4.8200311325490475,2.8916280269622803
ENG-Premier League,2526,Fulham,Oscar Bobb,1,2025,228,11903,F M S,23,1046,0,1.4291031155735254,0,1.4291031155735254,1,2.017092976719141,12,22,1,0,5.759685222059488,3.5445012114942074
ENG-Premier League,2526,Fulham,Raúl Jiménez,1,2025,228,4105,F S,36,2215,9,12.016586696729064,5,8.971911305561662,3,1.944130852818489,73,25,5,0,10.551293056458235,1.5579581297934055
ENG-Premier League,2526,Fulham,Rodrigo Muniz,1,2025,228,10717,F S,21,1001,1,4.545291785150766,1,4.545291785150766,1,0.9614864559844136,32,8,2,0,4.830986261367798,1.2980473078787327
ENG-Premier League,2526,Fulham,Ryan Sessegnon,1,2025,228,6837,D M S,27,1830,3,2.04829409904778,3,2.04829409904778,1,2.2284331284463406,16,14,0,0,8.259379532188177,5.088316984474659
ENG-Premier League,2526,Fulham,Samuel Chukwueze,1,2025,228,7208,M S,23,1052,3,2.3333342373371124,3,2.3333342373371124,4,2.836030565202236,25,24,0,0,7.104950949549675,2.852319191209972
ENG-Premier League,2526,Fulham,Sander Berge,1,2025,228,8285,M S,35,2935,0,1.3464614748954773,0,1.3464614748954773,1,1.985070546157658,14,21,5,0,10.621809985488653,8.998958602547646
ENG-Premier League,2526,Fulham,Sasa Lukic,1,2025,228,1537,M S,26,1731,1,2.339236881583929,1,2.339236881583929,2,2.163257449865341,18,27,9,0,6.2262645941227674,3.358000723645091
ENG-Premier League,2526,Fulham,Timothy Castagne,1,2025,228,6157,D M S,30,1849,0,1.470174259506166,0,1.470174259506166,0,1.7460119286552072,14,18,4,0,6.83210355322808,5.599581710994244
ENG-Premier League,2526,Leeds,Anton Stach,1,2025,245,9910,M S,29,2394,5,2.9207701720297337,5,2.9207701720297337,3,5.958144916221499,55,61,3,0,10.147935139015317,6.20686737075448
ENG-Premier League,2526,Leeds,Ao Tanaka,1,2025,245,13834,M S,28,1330,2,2.1981850005686283,2,2.1981850005686283,0,1.3577267043292522,17,18,1,0,6.806126736104488,4.313436454162002
ENG-Premier League,2526,Leeds,Brenden Aaronson,1,2025,245,10751,F M S,37,2517,4,5.881288753822446,4,5.881288753822446,5,5.662709843367338,46,34,3,0,13.203591203317046,3.4881920777261257
ENG-Premier League,2526,Leeds,Dominic Calvert-Lewin,1,2025,245,5555,F S,35,2732,14,18.671318570151925,10,14.865511130541563,1,1.5441157519817352,73,20,3,0,18.026230743154883,2.768353534862399
ENG-Premier League,2526,Leeds,Ethan Ampadu,1,2025,245,6369,M,35,3130,1,1.946105619892478,1,1.946105619892478,1,1.1763546681031585,26,19,10,0,11.866393697448075,10.690290067344904
ENG-Premier League,2526,Leeds,Gabriel Gudmundsson,1,2025,245,9944,D M S,32,2657,0,0.8777289493009448,0,0.8777289493009448,0,3.1013932153582573,18,21,4,1,6.76558150164783,4.2711070496588945
ENG-Premier League,2526,Leeds,Ilia Gruev,1,2025,245,8000,M S,23,1310,0,0.7337606139481068,0,0.7337606139481068,3,1.4936000779271126,7,11,3,0,3.584418125450611,2.230386760085821
ENG-Premier League,2526,Leeds,Jaka Bijol,1,2025,245,6807,D S,25,1895,1,0.718483354896307,1,0.718483354896307,2,1.399182764813304,15,7,4,0,5.490988912060857,4.503906073048711
ENG-Premier League,2526,Leeds,James Justin,1,2025,245,7753,D M S,29,1895,2,2.5627669915556908,2,2.5627669915556908,1,2.572751060128212,24,13,4,0,5.141626592725515,2.756110928952694
ENG-Premier League,2526,Leeds,Jayden Bogle,1,2025,245,9205,D M S,34,2822,1,1.892064114101231,1,1.892064114101231,2,3.5251562744379044,18,21,6,0,11.021193640306592,6.367132198065519
ENG-Premier League,2526,Leeds,Joe Rodon,1,2025,245,6377,D S,35,2954,2,1.8460459671914577,2,1.8460459671914577,0,0.4614792335778475,18,9,3,0,6.242629060521722,5.799875162541866
ENG-Premier League,2526,Leeds,Karl Darlow,1,2025,245,780,GK,22,1980,0,0.0,0,0.0,0,0.0,0,0,1,0,1.8115539252758026,1.8115539252758026
ENG-Premier League,2526,Leeds,Lucas Perri,1,2025,245,12369,GK,16,1440,0,0.0,0,0.0,0,0.0,0,0,2,0,2.474491350352764,2.474491350352764
ENG-Premier League,2526,Leeds,Lukas Nmecha,1,2025,245,6544,F S,31,1076,6,8.14029767177999,4,5.856791136786342,1,1.684540869668126,30,11,0,0,6.9614828154444695,1.4674436636269093
ENG-Premier League,2526,Leeds,Noah Okafor,1,2025,245,11966,F M S,28,1592,8,6.296696716919541,8,6.296696716919541,1,2.259315438568592,35,19,3,0,10.915966423228383,3.821857213973999
ENG-Premier League,2526,Leeds,Pascal Struijk,1,2025,245,8717,D S,34,2940,0,2.967387342825532,0,2.967387342825532,1,1.093722109682858,31,12,5,0,7.1203332571312785,6.181641686707735
ENG-Premier League,2526,Leeds,Sean Longstaff,1,2025,245,7078,M S,23,999,2,1.3776587545871735,2,1.3776587545871735,2,2.7682253569364548,16,25,2,0,3.445849686861038,1.8182370737195015
ENG-Premier League,2526,Liverpool,Alexis Mac Allister,1,2025,87,8379,M S,37,2683,2,4.071707676164806,2,4.071707676164806,4,2.849602391012013,52,34,7,0,13.185968162491918,8.344642542302608
ENG-Premier League,2526,Liverpool,Alisson,1,2025,87,1257,GK,26,2340,0,0.0,0,0.0,0,0.0,0,0,1,0,4.5778832864016294,4.5778832864016294
ENG-Premier League,2526,Liverpool,Andrew Robertson,1,2025,87,1688,D S,24,1160,1,1.047316076233983,1,1.047316076233983,0,1.5095006115734577,10,20,0,0,5.851028840988874,4.472272000275552
ENG-Premier League,2526,Liverpool,Cody Gakpo,1,2025,87,11296,F M S,36,2758,7,9.826099138706923,7,9.826099138706923,5,6.592332137748599,87,53,3,0,18.731607224792242,5.830895097926259
ENG-Premier League,2526,Liverpool,Conor Bradley,1,2025,87,10120,D S,15,962,0,0.21982916723936796,0,0.21982916723936796,1,1.1937107481062412,6,4,5,0,3.412436105310917,2.4054819140583277
ENG-Premier League,2526,Liverpool,Curtis Jones,1,2025,87,6665,D M S,34,1910,1,2.4063171884045005,1,2.4063171884045005,2,2.8340956876054406,22,22,2,0,10.620183551684022,7.237103626132011
ENG-Premier League,2526,Liverpool,Dominik Szoboszlai,1,2025,87,9788,D F M,36,3236,6,4.724170769564807,6,3.963001917116344,7,8.835168853402138,70,78,8,1,21.543240651488304,15.061629813164473
ENG-Premier League,2526,Liverpool,Florian Wirtz,1,2025,87,8397,F M S,33,2426,5,7.576831823214889,5,7.576831823214889,3,5.384264823049307,51,60,1,0,20.641500685364008,10.743050179444253
ENG-Premier League,2526,Liverpool,Hugo Ekitike,1,2025,87,8995,F S,28,1835,11,11.932188130915165,11,11.932188130915165,4,2.49130567535758,65,21,0,0,16.322998896241188,4.886437067762017
ENG-Premier League,2526,Liverpool,Ibrahima Konaté,1,2025,87,6326,D,36,3133,1,1.9586246628314257,1,1.9586246628314257,0,0.7252839719876647,12,8,7,0,11.115987345576286,10.797563448548317
ENG-Premier League,2526,Liverpool,Jeremie Frimpong,1,2025,87,9328,D M S,21,1027,0,0.514072947204113,0,0.514072947204113,1,2.69134059548378,10,15,1,0,5.955447107553482,4.064382215961814
ENG-Premier League,2526,Liverpool,Milos Kerkez,1,2025,87,11709,D S,34,2271,2,1.3935871431604028,2,1.3935871431604028,1,1.8634965866804123,9,26,4,0,9.48909960873425,6.859379429370165
ENG-Premier League,2526,Liverpool,Mohamed Salah,1,2025,87,1250,F M S,27,2163,7,8.837686643004417,6,8.076517805457115,7,6.428150682710111,67,49,1,0,17.373253114521503,6.297699823975563
ENG-Premier League,2526,Liverpool,Ryan Gravenberch,1,2025,87,10697,M S,36,3008,5,1.5315213510766625,5,1.5315213510766625,3,2.368868850171566,38,29,5,0,13.042155539616942,10.718840256333351
ENG-Premier League,2526,Liverpool,Virgil van Dijk,1,2025,87,833,D,38,3420,6,4.891236560419202,6,4.891236560419202,0,0.3285368140786886,30,11,4,0,12.485559825785458,11.383180485107005
ENG-Premier League,2526,Manchester City,Abduqodir Khusanov,1,2025,88,11763,D S,21,1421,0,0.6727990191429853,0,0.6727990191429853,0,0.5715384930372238,7,6,2,0,7.6340554766356945,7.126731883734465
ENG-Premier League,2526,Manchester City,Bernardo Silva,1,2025,88,3635,M S,38,2917,2,2.899573851376772,2,2.899573851376772,4,5.2828731667250395,30,47,9,0,25.18876053020358,19.402738712728024
ENG-Premier League,2526,Manchester City,Erling Haaland,1,2025,88,8260,F S,35,2979,27,28.795336209237576,24,25.7506607696414,8,5.507687093690038,125,25,2,0,32.735352732241154,5.163548586890101
ENG-Premier League,2526,Manchester City,Gianluigi Donnarumma,1,2025,88,1116,GK,34,3060,0,0.0,0,0.0,0,0.0,0,0,7,0,7.177661042660475,7.177661042660475
ENG-Premier League,2526,Manchester City,Josko Gvardiol,1,2025,88,9790,D S,18,1374,2,1.8614049591124058,2,1.8614049591124058,2,0.43760474771261215,17,4,2,0,10.09633487649262,9.548274146392941
ENG-Premier League,2526,Manchester City,Jéremy Doku,1,2025,88,8981,F M S,30,1783,5,3.9999447921290994,5,3.9999447921290994,5,7.553412737324834,39,59,0,0,18.843964545056224,9.702232458628714
ENG-Premier League,2526,Manchester City,Matheus Nunes,1,2025,88,11000,D S,34,2865,1,0.6754733501002192,1,0.6754733501002192,5,3.0990526378154755,7,28,5,0,22.104165941476822,20.289072543382645
ENG-Premier League,2526,Manchester City,Mathis Cherki,1,2025,88,8094,F M S,33,1792,4,4.64134069904685,4,4.64134069904685,12,10.784712422639132,55,60,1,0,20.810218203812838,11.157610276713967
ENG-Premier League,2526,Manchester City,Nico González,1,2025,88,9802,M S,25,1576,1,0.6088060820475221,1,0.6088060820475221,0,0.8885113457217813,14,11,6,0,14.795009016990662,14.172722114250064
ENG-Premier League,2526,Manchester City,Nico O'Reilly,1,2025,88,11592,D M S,34,2646,5,6.7270112708210945,5,6.7270112708210945,3,3.847439743578434,41,23,5,0,21.241205548867583,14.797816466540098
ENG-Premier League,2526,Manchester City,Phil Foden,1,2025,88,6055,F M S,33,2083,7,6.688582047820091,7,6.688582047820091,5,6.107132508419454,55,53,4,0,19.913979632779956,11.249179357662797
ENG-Premier League,2526,Manchester City,Rayan Ait Nouri,1,2025,88,6674,D M S,17,981,0,0.4981528613716364,0,0.4981528613716364,2,1.7330033089965582,9,12,2,0,7.305326489731669,6.587442610412836
ENG-Premier League,2526,Manchester City,Rodri,1,2025,88,2496,M S,21,1500,1,1.1884781727567315,1,1.1884781727567315,0,2.2761295437812805,17,26,3,0,12.13792721182108,10.705944895744324
ENG-Premier League,2526,Manchester City,Rúben Dias,1,2025,88,8961,D S,26,2142,2,0.43706189282238483,2,0.43706189282238483,0,0.42255035135895014,10,7,3,0,14.686573913320899,14.24906044639647
ENG-Premier League,2526,Manchester City,Tijjani Reijnders,1,2025,88,11965,F M S,28,1642,5,4.861917998641729,5,4.861917998641729,2,3.0732941813766956,49,18,2,0,13.1919761672616,7.1736231576651335
ENG-Premier League,2526,Manchester United,Amad Diallo Traore,1,2025,89,8127,D M S,32,2341,2,5.7300354186445475,2,5.7300354186445475,3,5.647227294743061,54,40,2,0,18.681302284821868,10.051697205752134
ENG-Premier League,2526,Manchester United,Ayden Heaven,1,2025,89,13080,D S,17,923,0,0.21505310852080584,0,0.21505310852080584,1,0.365470789372921,3,2,2,0,4.165300289168954,3.7110456619411707
ENG-Premier League,2526,Manchester United,Benjamin Sesko,1,2025,89,11974,F S,30,1636,11,12.504127995111048,11,12.504127995111048,1,0.5977376587688923,61,9,2,0,14.22715387493372,1.6295164097100496
ENG-Premier League,2526,Manchester United,Bruno Fernandes,1,2025,89,1228,M,35,3082,9,11.931805820204318,5,7.364792761392891,21,17.75713463127613,85,137,5,0,25.94416971784085,11.6638073772192
ENG-Premier League,2526,Manchester United,Bryan Mbeumo,1,2025,89,6552,F M S,33,2676,11,13.309208107180893,11,13.309208107180893,3,5.091009698808193,73,45,4,0,22.316140696406364,6.068183907307684
ENG-Premier League,2526,Manchester United,Casemiro,1,2025,89,2248,M S,34,2649,9,6.577375870198011,9,6.577375870198011,2,3.177681438624859,52,36,9,1,16.168739575892687,11.8755685351789
ENG-Premier League,2526,Manchester United,Diogo Dalot,1,2025,89,7281,D S,34,2614,1,2.194661596789956,1,2.194661596789956,3,3.5058063408359885,24,30,5,0,13.055216778069735,9.666520467028022
ENG-Premier League,2526,Manchester United,Harry Maguire,1,2025,89,1687,D S,23,1666,1,1.1766096334904432,1,1.1766096334904432,2,0.7251138463616371,14,4,3,1,5.068902220577002,5.068902220577002
ENG-Premier League,2526,Manchester United,Kobbie Mainoo,1,2025,89,11174,M S,28,1623,1,0.5174760585650802,1,0.5174760585650802,2,1.1900591785088181,13,22,2,0,10.352579969912767,9.777145149186254
ENG-Premier League,2526,Manchester United,Leny Yoro,1,2025,89,10564,D S,32,1736,0,1.2473983131349087,0,1.2473983131349087,0,0.2197452150285244,9,4,1,0,4.670362060889602,4.4985275361686945
ENG-Premier League,2526,Manchester United,Lisandro Martínez,1,2025,89,10802,D S,18,1217,0,0.11346602533012629,0,0.11346602533012629,0,0.46420332230627537,5,5,0,1,6.68968091532588,6.568602550774813
ENG-Premier League,2526,Manchester United,Luke Shaw,1,2025,89,1006,D,38,3269,1,0.5988588444888592,1,0.5988588444888592,1,1.4936611289158463,10,15,9,0,11.45667431410402,10.608856069855392
ENG-Premier League,2526,Manchester United,Mason Mount,1,2025,89,7768,M S,23,1021,3,1.7446828484535217,3,1.7446828484535217,0,1.3764615170657635,19,14,2,0,6.608267386443913,4.634791788645089
ENG-Premier League,2526,Manchester United,Matheus Cunha,1,2025,89,7080,F M S,33,2506,10,7.076101643964648,10,7.076101643964648,2,3.698060866445303,90,33,4,0,17.601462572813034,10.04429018124938
ENG-Premier League,2526,Manchester United,Matthijs de Ligt,1,2025,89,7902,D,13,1170,1,1.3233719654381275,1,1.3233719654381275,0,0.4281761646270752,11,3,0,0,2.8319015204906464,2.3887862116098404
ENG-Premier League,2526,Manchester United,Noussair Mazraoui,1,2025,89,10696,D S,20,990,0,0.19680644385516644,0,0.19680644385516644,0,0.2094872146844864,5,6,3,0,5.648671459406614,5.4003871232271194
ENG-Premier League,2526,Manchester United,Patrick Dorgu,1,2025,89,11944,D M S,26,1436,4,2.987284906208515,4,2.987284906208515,4,3.1112868897616863,25,27,5,0,6.977159338071942,1.9963069763034582
ENG-Premier League,2526,Manchester United,Senne Lammens,1,2025,89,14056,GK,32,2880,0,0.0,0,0.0,0,0.0,0,0,0,0,5.00017312541604,5.00017312541604
ENG-Premier League,2526,Newcastle United,Aaron Ramsdale,1,2025,86,5603,GK S,12,998,0,0.0,0,0.0,0,0.07100074738264084,0,1,2,0,2.482472578063607,2.411471823230386
ENG-Premier League,2526,Newcastle United,Anthony Elanga,1,2025,86,9524,F M S,32,1289,0,1.4534468036144972,0,1.4534468036144972,1,1.7495205141603947,17,15,0,0,4.289053320884705,1.8433666191995144
ENG-Premier League,2526,Newcastle United,Anthony Gordon,1,2025,86,8150,F M S,26,1888,6,8.756197515875101,3,6.472690913826227,2,3.714877739548683,48,26,3,1,10.976929228752851,4.042658658698201
ENG-Premier League,2526,Newcastle United,Bruno Guimarães,1,2025,86,8327,M S,29,2467,9,6.597308051772416,7,5.074970376677811,5,3.8693104553967714,42,44,6,0,14.098117183893919,9.365775737911463
ENG-Premier League,2526,Newcastle United,Dan Burn,1,2025,86,7382,D S,29,2205,1,0.9214910920709372,1,0.9214910920709372,2,0.4085770333185792,10,7,9,1,5.236281432211399,4.939116761088371
ENG-Premier League,2526,Newcastle United,Fabian Schär,1,2025,86,76,D S,16,1096,0,0.9631823003292084,0,0.9631823003292084,0,0.16267805825918913,17,4,1,0,3.1928995680063963,3.059698922559619
ENG-Premier League,2526,Newcastle United,Harvey Barnes,1,2025,86,6681,F M S,37,1947,7,8.050524456426501,7,8.050524456426501,1,3.1062511932104826,58,23,1,0,12.753550255671144,4.153433019295335
ENG-Premier League,2526,Newcastle United,Jacob Murphy,1,2025,86,6063,D F M S,33,1630,3,3.1199456304311752,3,3.1199456304311752,2,4.785552207380533,42,23,2,0,8.429972594603896,2.7332380525767803
ENG-Premier League,2526,Newcastle United,Jacob Ramsey,1,2025,86,8941,M S,28,1421,2,1.2112666741013527,2,1.2112666741013527,3,1.5663878619670868,16,22,3,1,5.487635789439082,4.252015369012952
ENG-Premier League,2526,Newcastle United,Joe Willock,1,2025,86,6630,M S,24,979,0,1.3859424609690905,0,1.3859424609690905,2,2.0978056583553553,17,14,3,0,5.043021183460951,3.405696664005518
ENG-Premier League,2526,Newcastle United,Joelinton,1,2025,86,87,M S,27,1958,2,2.178690475411713,2,2.178690475411713,1,1.8613738622516394,32,17,9,0,10.018592189997435,7.250156426802278
ENG-Premier League,2526,Newcastle United,Kieran Trippier,1,2025,86,652,D S,21,1606,0,0.09589945524930954,0,0.09589945524930954,1,1.8194941156543791,2,28,3,0,5.13017756678164,4.711885085329413
ENG-Premier League,2526,Newcastle United,Lewis Hall,1,2025,86,10216,D S,30,2164,1,1.28814219776541,1,1.28814219776541,1,2.5339094949886203,25,25,4,0,8.868408833630383,7.467507724650204
ENG-Premier League,2526,Newcastle United,Lewis Miley,1,2025,86,11386,D M S,23,1470,1,1.3760087750852108,1,1.3760087750852108,4,2.321293480694294,12,15,0,0,7.045767506584525,5.918216675519943
ENG-Premier League,2526,Newcastle United,Malick Thiaw,1,2025,86,8378,D S,35,2968,4,5.898031393066049,4,5.898031393066049,0,0.8268706873059273,28,6,4,0,9.148333224467933,8.644866692833602
ENG-Premier League,2526,Newcastle United,Nick Pope,1,2025,86,5552,GK,27,2422,0,0.13148732483386993,0,0.13148732483386993,0,0.0,1,0,2,0,2.810626602731645,2.810626602731645
ENG-Premier League,2526,Newcastle United,Nick Woltemade,1,2025,86,8117,F M S,33,1953,8,8.262036986649036,7,7.500868149101734,3,2.9012854490429163,32,22,0,0,8.79227769561112,2.300962809473276
ENG-Premier League,2526,Newcastle United,Sandro Tonali,1,2025,86,7958,M S,35,2586,0,1.4170023752376437,0,1.4170023752376437,2,3.7605556417256594,37,32,4,0,10.739618219435215,8.412985239177942
ENG-Premier League,2526,Newcastle United,Sven Botman,1,2025,86,8635,D S,25,1842,1,1.5510299038141966,1,1.5510299038141966,0,1.4832177460193634,15,6,2,0,6.0209719482809305,5.722450278699398
ENG-Premier League,2526,Newcastle United,Valentino Livramento,1,2025,86,9512,D S,17,1323,0,0.15228571370244026,0,0.15228571370244026,1,0.6162818782031536,3,10,1,0,6.227930787950754,5.61184873059392
ENG-Premier League,2526,Nottingham Forest,Callum Hudson-Odoi,1,2025,249,6456,M S,30,1857,3,2.9516881722956896,3,2.9516881722956896,4,3.9338085064664483,30,44,0,0,11.127739728428423,5.728919830173254
ENG-Premier League,2526,Nottingham Forest,Chris Wood,1,2025,249,4456,F S,15,913,3,3.365151971578598,3,3.365151971578598,0,0.321694266051054,23,5,0,0,3.2678276151418686,0.5070263929665089
ENG-Premier League,2526,Nottingham Forest,Dan Ndoye,1,2025,249,8662,F M S,24,1184,1,1.1724078450351954,1,1.1724078450351954,1,1.552884567528963,15,14,1,0,4.023802410811186,1.8127466365695
ENG-Premier League,2526,Nottingham Forest,Elliot Anderson,1,2025,249,9154,M S,38,3329,4,3.4442944694310427,3,2.6831256318837404,4,4.842637189663947,44,55,8,0,16.282568987458944,11.957895617932081
ENG-Premier League,2526,Nottingham Forest,Ibrahim Sangare,1,2025,249,5722,M S,28,2111,2,1.5703946938738227,2,1.5703946938738227,2,1.4491914678364992,16,12,5,0,7.422331970185041,5.2894406747072935
ENG-Premier League,2526,Nottingham Forest,Igor Jesus,1,2025,249,13778,F M S,37,2379,6,7.199080093763769,5,6.437911256216466,4,2.280350387096405,70,15,2,0,8.53495698235929,1.8483535712584853
ENG-Premier League,2526,Nottingham Forest,Matz Sels,1,2025,249,6903,GK S,31,2672,0,0.0,0,0.0,0,0.0,0,0,2,0,2.2256509847939014,2.2256509847939014
ENG-Premier League,2526,Nottingham Forest,Morato,1,2025,249,13068,D S,21,1333,1,1.8853958677500486,1,1.8853958677500486,0,0.09368901792913675,5,2,5,0,4.478383164852858,3.847307574003935
ENG-Premier League,2526,Nottingham Forest,Morgan Gibbs-White,1,2025,249,6857,F M S,37,3142,15,11.671697720885277,14,10.910528883337975,4,4.5044658575206995,83,48,1,0,17.26536614820361,5.41371457837522
ENG-Premier League,2526,Nottingham Forest,Murillo,1,2025,249,12123,D,25,2132,1,0.5957098556682467,1,0.5957098556682467,0,0.29939603339880705,11,8,5,0,6.358569452539086,6.049851920455694
ENG-Premier League,2526,Nottingham Forest,Neco Williams,1,2025,249,8204,D S,37,3203,2,1.8705778289586306,2,1.8705778289586306,3,4.3956019571051,46,36,6,1,12.105098510161042,9.009608807042241
ENG-Premier League,2526,Nottingham Forest,Nicolás Domínguez,1,2025,249,8252,M S,27,1210,1,1.01239497307688,1,1.01239497307688,1,1.2798706572502851,18,11,2,0,5.395301561802626,4.228683076798916
ENG-Premier League,2526,Nottingham Forest,Nicolò Savona,1,2025,249,12905,D S,14,1036,2,1.2354809269309044,2,1.2354809269309044,0,0.5944582391530275,5,6,2,0,3.0064694937318563,1.5372497662901878
ENG-Premier League,2526,Nottingham Forest,Nikola Milenkovic,1,2025,249,6174,D S,38,3360,0,0.5094143021851778,0,0.5094143021851778,0,0.26758426427841187,15,3,6,0,8.06967337243259,7.998386854305863
ENG-Premier League,2526,Nottingham Forest,Ola Aina,1,2025,249,725,D,18,1595,0,0.40960373170673847,0,0.40960373170673847,0,0.34134200774133205,12,9,3,0,3.950665080919862,3.527306206524372
ENG-Premier League,2526,Nottingham Forest,Omari Hutchinson,1,2025,249,10348,M S,31,1664,1,2.1777186449617147,1,2.1777186449617147,5,4.931529551744461,25,33,1,0,10.328581249341369,5.619018649682403
ENG-Premier League,2526,Sunderland,Brian Brobbey,1,2025,77,9789,F S,31,1943,7,7.1118853986263275,7,7.1118853986263275,1,1.5084331054240465,36,15,6,0,9.288086591288447,1.6009146478027105
ENG-Premier League,2526,Sunderland,Chemsdine Talbi,1,2025,77,13717,F M S,28,1556,4,2.32377387303859,4,2.32377387303859,1,0.6003798525780439,25,12,0,0,3.2277513165026903,1.188907701522112
ENG-Premier League,2526,Sunderland,Dan Ballard,1,2025,77,13715,D S,29,2143,2,3.6954356245696545,2,3.6954356245696545,0,1.5805855486541986,25,14,4,1,4.752503437921405,2.6088592782616615
ENG-Premier League,2526,Sunderland,Enzo Le Fée,1,2025,77,8651,F M S,36,2953,5,5.268677884712815,2,2.224039314314723,6,7.54641820769757,36,53,5,0,13.179932279512286,7.138605147600174
ENG-Premier League,2526,Sunderland,Granit Xhaka,1,2025,77,204,M S,34,2896,1,0.8072718912735581,1,0.8072718912735581,6,3.7049803622066975,21,34,8,0,10.455324796028435,8.981416845694184
ENG-Premier League,2526,Sunderland,Habib Diarra,1,2025,77,9767,M S,20,1414,2,3.2528567891567945,1,2.4916879516094923,2,0.644760662689805,26,7,6,0,4.116263935342431,1.8810110297054052
ENG-Premier League,2526,Sunderland,Lutsharel Geertruida,1,2025,77,13064,D M S,28,1659,0,0.8372280839830637,0,0.8372280839830637,0,0.773734993301332,11,8,2,0,4.534097606316209,3.289936365559697
ENG-Premier League,2526,Sunderland,Noah Sadiki,1,2025,77,13716,M,33,2914,0,1.618839449249208,0,1.618839449249208,1,0.9295975510030985,19,19,9,0,8.34465430304408,6.268030912615359
ENG-Premier League,2526,Sunderland,Nordi Mukiele,1,2025,77,5659,D,32,2793,3,2.778892433270812,3,2.778892433270812,3,2.752836622297764,26,23,5,0,9.07671518996358,6.988744452595711
ENG-Premier League,2526,Sunderland,Omar Alderete,1,2025,77,8986,D S,33,2808,1,1.5455667236819863,1,1.5455667236819863,1,0.6074565481394529,24,9,6,0,4.549569208174944,3.7731494531035423
ENG-Premier League,2526,Sunderland,Reinildo,1,2025,77,7432,D S,25,1974,0,0.1700047692283988,0,0.1700047692283988,1,0.29589132592082024,4,6,7,1,3.946844458580017,3.70530366525054
ENG-Premier League,2526,Sunderland,Robin Roefs,1,2025,77,13712,GK,35,3150,0,0.0,0,0.0,0,0.7053439579904079,0,4,4,0,3.144571002572775,2.4392270259559155
ENG-Premier League,2526,Sunderland,Trai Hume,1,2025,77,13713,D M S,38,3041,2,2.7079745400696993,2,2.7079745400696993,1,2.0842118076980114,34,27,9,0,8.229747292585671,4.202485715970397
ENG-Premier League,2526,Sunderland,Wilson Isidor,1,2025,77,7148,F S,32,1142,6,5.619414385408163,6,5.619414385408163,0,0.0,43,0,2,0,6.032191339880228,0.6748491153120995
ENG-Premier League,2526,Tottenham,Archie Gray,1,2025,82,10184,D M S,24,1497,2,1.588539564050734,2,1.588539564050734,2,1.6584226582199335,11,8,5,0,3.5702104242518544,2.168477569706738
ENG-Premier League,2526,Tottenham,Conor Gallagher,1,2025,82,9040,M S,16,1229,1,1.512411999516189,1,1.512411999516189,1,0.8551288228482008,11,13,2,0,4.173453446477652,2.5543361753225327
ENG-Premier League,2526,Tottenham,Cristian Romero,1,2025,82,7218,D S,23,1878,4,1.8381627183407545,4,1.8381627183407545,1,1.8169466238468885,17,12,9,2,6.1135033164173365,4.283094780519605
ENG-Premier League,2526,Tottenham,Djed Spence,1,2025,82,10764,D M S,30,2068,0,1.1351130530238152,0,1.1351130530238152,0,1.8603137182071805,13,10,4,0,5.716236036270857,3.084719266742468
ENG-Premier League,2526,Tottenham,Dominic Solanke,1,2025,82,1679,F S,15,989,3,3.586364097893238,3,3.586364097893238,0,0.5976490452885628,20,6,1,0,4.704602524638176,1.6908956598490477
ENG-Premier League,2526,Tottenham,Guglielmo Vicario,1,2025,82,8858,GK,31,2790,0,0.0,0,0.0,0,0.07186521589756012,0,1,1,0,3.5112377842888236,3.4393725832924247
ENG-Premier League,2526,Tottenham,Iyenoma Destiny Udogie,1,2025,82,8831,D S,20,1342,0,0.21846551168709993,0,0.21846551168709993,1,1.1220016870647669,4,12,4,0,5.176807938143611,4.279184946790338
ENG-Premier League,2526,Tottenham,João Palhinha,1,2025,82,10715,D M S,33,2180,5,3.407368754968047,5,3.407368754968047,2,0.7690385403111577,33,8,8,0,4.779836506582797,3.3048387337476015
ENG-Premier League,2526,Tottenham,Kevin Danso,1,2025,82,5261,D S,24,1489,0,0.5242262706160545,0,0.5242262706160545,0,0.1586722880601883,11,2,8,0,1.6506063239648938,1.5962962182238698
ENG-Premier League,2526,Tottenham,Lucas Bergvall,1,2025,82,12912,M S,23,956,1,1.4342994708567858,1,1.4342994708567858,3,0.29162913747131824,12,5,2,0,3.2741972375661135,1.6925846990197897
ENG-Premier League,2526,Tottenham,Mathys Tel,1,2025,82,9780,F M S,31,1324,4,2.8263100758194923,4,2.8263100758194923,1,3.4139982480555773,35,29,1,0,6.1857428681105375,2.608160737901926
ENG-Premier League,2526,Tottenham,Micky van de Ven,1,2025,82,10050,D,35,3049,4,2.4525543581694365,4,2.4525543581694365,1,1.0142897926270962,16,5,9,1,5.581554230302572,5.243820492178202
ENG-Premier League,2526,Tottenham,Mohammed Kudus,1,2025,82,12027,F M,19,1577,2,2.362326920963824,2,2.362326920963824,5,2.574139247648418,26,21,3,0,4.9626108556985855,1.4065115749835968
ENG-Premier League,2526,Tottenham,Pape Sarr,1,2025,82,9021,M S,26,1347,2,2.047363305464387,2,2.047363305464387,4,2.4335668282583356,17,11,3,0,7.017087802290916,4.9591697268188
ENG-Premier League,2526,Tottenham,Pedro Porro,1,2025,82,6912,D M S,34,2815,1,1.4028917597606778,1,1.4028917597606778,2,4.247651634737849,32,53,10,0,10.6049581207335,8.791748657822609
ENG-Premier League,2526,Tottenham,Randal Kolo Muani,1,2025,82,5743,F M S,30,1704,1,2.700563416816294,1,2.700563416816294,1,1.8472137674689293,20,19,3,0,4.246069150045514,0.7896932736039162
ENG-Premier League,2526,Tottenham,Richarlison,1,2025,82,6026,F M S,32,1926,11,9.866276641376317,11,9.866276641376317,4,3.4081881837919354,61,19,5,0,11.187864126637578,2.256451802328229
ENG-Premier League,2526,Tottenham,Rodrigo Bentancur,1,2025,82,6108,M S,26,1931,1,0.9771954659372568,1,0.9771954659372568,1,0.8773890770971775,13,10,7,0,4.669173881411552,4.175999607890844
ENG-Premier League,2526,Tottenham,Wilson Odobert,1,2025,82,10822,F M S,24,946,0,2.460178238339722,0,2.460178238339722,2,1.9524234533309937,21,20,0,0,5.9682222586125135,2.8834201879799366
ENG-Premier League,2526,Tottenham,Xavi Simons,1,2025,82,8700,F M S,28,1768,2,2.7162908166646957,2,2.7162908166646957,5,4.650560335256159,42,34,5,1,9.529860531911254,5.203196081332862
ENG-Premier League,2526,West Ham,Aaron Wan-Bissaka,1,2025,81,5584,D M S,25,2093,0,0.0,0,0.0,2,1.428995594382286,0,18,4,0,3.827808958478272,3.0860615829005837
ENG-Premier League,2526,West Ham,Alphonse Areola,1,2025,81,2310,GK,20,1800,0,0.0,0,0.0,1,0.02214457094669342,0,1,0,0,0.4307949170470238,0.4307949170470238
ENG-Premier League,2526,West Ham,Axel Disasi,1,2025,81,6885,D,14,1258,0,1.0807171128690243,0,1.0807171128690243,0,0.023904647678136826,5,1,1,0,3.1754897963255644,2.873131012544036
ENG-Premier League,2526,West Ham,Callum Wilson,1,2025,81,468,F M S,32,1229,7,7.60266119800508,7,7.60266119800508,1,1.0267592892050743,38,8,1,0,6.896431270986795,0.6376099903136492
ENG-Premier League,2526,West Ham,Crysencio Summerville,1,2025,81,9492,F M S,31,2509,5,5.6990333795547485,5,5.6990333795547485,2,3.23570919316262,54,28,6,0,11.091377541422844,3.962690422311425
ENG-Premier League,2526,West Ham,El Hadji Malick Diouf,1,2025,81,13723,D M S,32,2711,0,0.5592501647770405,0,0.5592501647770405,5,3.253779597580433,18,29,6,0,6.939549614675343,5.089005833491683
ENG-Premier League,2526,West Ham,Freddie Potts,1,2025,81,13724,M S,22,1152,0,0.21263288706541061,0,0.21263288706541061,1,1.2075103465467691,3,8,1,0,3.1646942142397165,2.264735572040081
ENG-Premier League,2526,West Ham,Jarrod Bowen,1,2025,81,1776,F M,38,3416,9,8.273593910038471,8,7.512425065040588,11,8.43197707645595,79,44,4,0,14.380666948854923,3.8775093499571085
ENG-Premier League,2526,West Ham,Jean-Clair Todibo,1,2025,81,6816,D S,23,1827,0,0.6560113653540611,0,0.6560113653540611,1,0.3799619134515524,2,5,5,1,1.8246684949845076,1.5996535401791334
ENG-Premier League,2526,West Ham,Konstantinos Mavropanos,1,2025,81,6722,D S,31,2518,3,2.791105939541012,3,2.791105939541012,0,0.4895833916962147,23,4,2,0,4.458088889718056,4.093825729563832
ENG-Premier League,2526,West Ham,Kyle Walker-Peters,1,2025,81,885,D S,23,1365,1,1.1882447563111782,1,1.1882447563111782,0,0.3569928742945194,5,6,2,0,4.904916271567345,3.5975223556160927
ENG-Premier League,2526,West Ham,Lucas Paquetá,1,2025,81,7365,F M,18,1544,4,2.440835335291922,2,0.9184976601973176,1,3.011969303712249,23,23,5,1,4.265645559877157,1.5286574847996235
ENG-Premier League,2526,West Ham,Mads Hermansen,1,2025,81,12910,GK,18,1620,0,0.0,0,0.0,1,0.03719637915492058,0,2,0,0,2.0422262623906136,2.0050298795104027
ENG-Premier League,2526,West Ham,Mateus Fernandes,1,2025,81,12948,M S,36,3044,3,1.8216427816078067,3,1.8216427816078067,4,3.336049569770694,28,37,6,0,10.3192302826792,6.989333409816027
ENG-Premier League,2526,West Ham,Max Kilman,1,2025,81,7332,D S,21,1552,0,1.1671122973784804,0,1.1671122973784804,0,0.20770752429962158,7,4,4,0,1.233875660225749,1.128087779507041
ENG-Premier League,2526,West Ham,Soungoutou Magassa,1,2025,81,10770,M S,22,976,1,0.6193040320649743,1,0.6193040320649743,0,0.7463846588507295,7,5,4,0,2.4186487616971135,1.531560224480927
ENG-Premier League,2526,West Ham,Tomas Soucek,1,2025,81,8288,M S,35,2206,5,5.214208725839853,5,5.214208725839853,0,0.8217995762825012,25,11,3,1,7.2598637118935585,4.5387363182380795
ENG-Premier League,2526,West Ham,Valentín Castellanos,1,2025,81,10948,F S,18,1430,6,7.11984671279788,6,7.11984671279788,0,0.747508816421032,50,12,6,0,6.779488665983081,1.1389543628320098
ENG-Premier League,2526,Wolverhampton Wanderers,Adam Armstrong,1,2025,229,4419,F M,14,1170,2,2.8085783179849386,1,2.0474094804376364,2,1.501315450295806,18,6,3,0,2.8539646565914154,0.716374509036541
ENG-Premier League,2526,Wolverhampton Wanderers,André,1,2025,229,13022,M S,35,2763,1,0.5156588805839419,1,0.5156588805839419,0,1.24783924408257,15,18,12,0,6.220211643725634,5.526091292500496
ENG-Premier League,2526,Wolverhampton Wanderers,David Møller Wolfe,1,2025,229,13740,D S,22,1059,0,0.08255818113684654,0,0.08255818113684654,2,1.3046692535281181,3,8,1,0,1.7902654558420181,1.2973200660198927
ENG-Premier League,2526,Wolverhampton Wanderers,Emmanuel Agbadou,1,2025,229,10856,D S,14,1093,0,0.44676383305341005,0,0.44676383305341005,0,0.1717668529599905,10,4,1,1,1.6553496047854424,1.543709209188819
ENG-Premier League,2526,Wolverhampton Wanderers,Hee-Chan Hwang,1,2025,229,8845,F M S,26,1469,2,2.6617424860596657,1,1.9005736485123634,2,1.8815556205809116,19,15,5,0,5.158048531040549,1.74687934294343
ENG-Premier League,2526,Wolverhampton Wanderers,Hugo Bueno,1,2025,229,10140,D M S,35,2351,1,0.8962179943919182,1,0.8962179943919182,2,3.683292493224144,16,38,3,0,5.543084159493446,2.929296974092722
ENG-Premier League,2526,Wolverhampton Wanderers,Jackson Tchatchoua,1,2025,229,12113,D S,31,1822,0,0.10550510138273239,0,0.10550510138273239,1,2.24295702483505,3,21,3,0,6.032643620856106,4.1699837278574705
ENG-Premier League,2526,Wolverhampton Wanderers,Jean-Ricner Bellegarde,1,2025,229,7762,F M S,26,1268,1,0.8698065197095275,1,0.8698065197095275,1,1.2165567949414253,21,13,5,0,5.2007569978013635,3.501467832364142
ENG-Premier League,2526,Wolverhampton Wanderers,Jhon Arias,1,2025,229,13741,F M S,23,1140,1,3.2931467425078154,1,3.2931467425078154,0,0.8962265644222498,16,11,1,0,4.877626428380609,1.3450943380594254
ENG-Premier League,2526,Wolverhampton Wanderers,José Sá,1,2025,229,9740,GK,23,2070,0,0.0,0,0.0,0,0.08312523365020752,0,1,2,0,1.548725701868534,1.4656004682183266
ENG-Premier League,2526,Wolverhampton Wanderers,João Gomes,1,2025,229,11384,M S,35,2845,1,1.2462569223716855,1,1.2462569223716855,1,1.441765757277608,18,16,10,0,6.201923135668039,5.079094551503658
ENG-Premier League,2526,Wolverhampton Wanderers,Ladislav Krejcí,1,2025,229,12721,D M S,28,2385,2,1.724472633562982,2,1.724472633562982,1,1.4908780492842197,21,9,3,1,4.148910779505968,2.5917173959314823
ENG-Premier League,2526,Wolverhampton Wanderers,Mateus Mané,1,2025,229,13484,M S,27,1784,3,1.9724454693496227,3,1.9724454693496227,1,3.281726311892271,41,30,0,0,5.257462016772479,2.4831578764133155
ENG-Premier League,2526,Wolverhampton Wanderers,Rodrigo Gomes,1,2025,229,12756,D F M S,22,951,3,2.28443655744195,3,2.28443655744195,0,0.15131350979208946,21,3,0,0,3.37700173817575,1.0081436019390821
ENG-Premier League,2526,Wolverhampton Wanderers,Sam Johnstone,1,2025,229,978,GK,12,1080,0,0.0,0,0.0,0,0.0,0,0,0,0,0.31883866991847754,0.31883866991847754
ENG-Premier League,2526,Wolverhampton Wanderers,Santiago Bueno,1,2025,229,10945,D S,29,2549,3,1.995275340974331,3,1.995275340974331,1,0.9024237375706434,10,10,4,0,4.350156765431166,3.939035897143185
ENG-Premier League,2526,Wolverhampton Wanderers,Tolu Arokodare,1,2025,229,8875,F S,33,1357,3,7.426559334620833,3,6.665390497073531,1,1.1596579402685165,46,11,1,0,5.404460851103067,1.1024699872359633
ENG-Premier League,2526,Wolverhampton Wanderers,Toti,1,2025,229,10293,D S,19,1437,0,0.9501397321000695,0,0.9501397321000695,0,0.15858490392565727,5,6,2,1,2.2873468389734626,2.10125913657248
ENG-Premier League,2526,Wolverhampton Wanderers,Yerson Mosquera,1,2025,229,9958,D S,27,2154,0,2.9658489003777504,0,2.9658489003777504,0,1.2027571620419621,30,11,12,0,5.853062177076936,3.759005693718791
